"ABADIA DE GOIAS","8"
"ABADIA DOS DOURADOS","9"
"ABADIANIA","23"
"ABAETE","23"
"ABAETETUBA","207"
"ABAIARA","31"
"ABAIRA","17"
"ABARE","65"
"ABEL FIGUEIREDO","21"
"ABRE CAMPO","37"
"ABREU E LIMA","100"
"ABREULANDIA","24"
"ACAIACA","11"
"ACAILANDIA","122"
"ACAJUTIBA","29"
"ACARA","223"
"ACARAPE","20"
"ACARAU","87"
"ACARI","21"
"ACAUA","27"
"ACOPIARA","60"
"ACORIZAL","14"
"ACRELANDIA","23"
"ACREUNA","17"
"ACU","88"
"ACUCENA","35"
"ADAMANTINA","33"
"ADELANDIA","3"
"ADOLFO","4"
"ADUSTINA","40"
"AFOGADOS DA INGAZEIRA","66"
"AFONSO BEZERRA","22"
"AFONSO CLAUDIO","92"
"AFONSO CUNHA","23"
"AFRANIO","64"
"AFUA","212"
"AGRESTINA","50"
"AGRICOLANDIA","9"
"AGUA AZUL DO NORTE","34"
"AGUA BOA","83"
"AGUA BRANCA","84"
"AGUA CLARA","11"
"AGUA COMPRIDA","12"
"AGUA DOCE DO MARANHAO","33"
"AGUA DOCE DO NORTE","66"
"AGUA FRIA","27"
"AGUA FRIA DE GOIAS","15"
"AGUA LIMPA","2"
"AGUA NOVA","12"
"AGUA PRETA","73"
"AGUAI","27"
"AGUANIL","9"
"AGUAS BELAS","125"
"AGUAS DA PRATA","8"
"AGUAS DE LINDOIA","24"
"AGUAS DE SANTA BARBARA","4"
"AGUAS DE SAO PEDRO","4"
"AGUAS FORMOSAS","35"
"AGUAS LINDAS DE GOIAS","100"
"AGUAS VERMELHAS","42"
"AGUDOS","30"
"AGUIA BRANCA","18"
"AGUIAR","43"
"AGUIARNOPOLIS","5"
"AIMORES","67"
"AIQUARA","23"
"AIUABA","54"
"AIURUOCA","16"
"ALAGOA","5"
"ALAGOA GRANDE","60"
"ALAGOA NOVA","55"
"ALAGOINHA","52"
"ALAGOINHA DO PIAUI","18"
"ALAGOINHAS","181"
"ALAMBARI","7"
"ALBERTINA","6"
"ALCANTARA","78"
"ALCANTARAS","34"
"ALCANTIL","22"
"ALCINOPOLIS","4"
"ALCOBACA","39"
"ALDEIAS ALTAS","86"
"ALEGRE","64"
"ALEGRETE DO PIAUI","14"
"ALEM PARAIBA","44"
"ALENQUER","212"
"ALEXANDRIA","73"
"ALEXANIA","35"
"ALFENAS","81"
"ALFREDO CHAVES","54"
"ALFREDO MARCONDES","3"
"ALFREDO VASCONCELOS","10"
"ALGODAO DE JANDAIRA","13"
"ALHANDRA","30"
"ALIANCA","43"
"ALIANCA DO TOCANTINS","15"
"ALMADINA","25"
"ALMAS","27"
"ALMEIRIM","113"
"ALMENARA","100"
"ALMINO AFONSO","22"
"ALOANDIA","2"
"ALPERCATA","12"
"ALPINOPOLIS","16"
"ALTA FLORESTA","48"
"ALTA FLORESTA D OESTE","80"
"ALTAIR","4"
"ALTAMIRA","159"
"ALTAMIRA DO MARANHAO","19"
"ALTANEIRA","17"
"ALTEROSA","19"
"ALTINHO","65"
"ALTINOPOLIS","16"
"ALTO ALEGRE","74"
"ALTO ALEGRE DO MARANHAO","33"
"ALTO ALEGRE DO PINDARE","81"
"ALTO ALEGRE DOS PARECIS","11"
"ALTO ARAGUAIA","18"
"ALTO BOA VISTA","4"
"ALTO CAPARAO","8"
"ALTO DO RODRIGUES","24"
"ALTO GARCAS","7"
"ALTO HORIZONTE","2"
"ALTO JEQUITIBA","29"
"ALTO LONGA","68"
"ALTO PARAGUAI","15"
"ALTO PARAISO","51"
"ALTO PARAISO DE GOIAS","18"
"ALTO PARNAIBA","61"
"ALTO RIO DOCE","28"
"ALTO RIO NOVO","18"
"ALTO SANTO","43"
"ALTO TAQUARI","4"
"ALTOS","84"
"ALUMINIO","14"
"ALVARAES","84"
"ALVARENGA","19"
"ALVARES FLORENCE","5"
"ALVARES MACHADO","21"
"ALVARO DE CARVALHO","6"
"ALVINLANDIA","4"
"ALVINOPOLIS","28"
"ALVORADA","12"
"ALVORADA D OESTE","20"
"ALVORADA DE MINAS","12"
"ALVORADA DO GURGUEIA","21"
"ALVORADA DO NORTE","17"
"AMAJARI","56"
"AMAMBAI","29"
"AMAPA","28"
"AMAPA DO MARANHAO","22"
"AMARAJI","55"
"AMARALINA","12"
"AMARANTE","66"
"AMARANTE DO MARANHAO","157"
"AMARGOSA","59"
"AMATURA","41"
"AMELIA RODRIGUES","39"
"AMERICA DOURADA","50"
"AMERICANA","156"
"AMERICANO DO BRASIL","7"
"AMERICO BRASILIENSE","20"
"AMERICO DE CAMPOS","4"
"AMONTADA","131"
"AMORINOPOLIS","4"
"AMPARO","72"
"AMPARO DE SAO FRANCISCO","7"
"AMPARO DO SERRA","5"
"ANADIA","28"
"ANAGE","128"
"ANAJAS","124"
"ANAJATUBA","71"
"ANALANDIA","4"
"ANAMA","31"
"ANANAS","18"
"ANANINDEUA","283"
"ANAPOLIS","247"
"ANAPU","69"
"ANAPURUS","63"
"ANASTACIO","22"
"ANAURILANDIA","7"
"ANCHIETA","67"
"ANDARAI","62"
"ANDORINHA","71"
"ANDRADAS","41"
"ANDRADINA","53"
"ANDRELANDIA","20"
"ANGATUBA","16"
"ANGELANDIA","12"
"ANGELICA","7"
"ANGELIM","21"
"ANGICAL","78"
"ANGICAL DO PIAUI","29"
"ANGICO","8"
"ANGICOS","28"
"ANGRA DOS REIS","130"
"ANGUERA","31"
"ANHANGUERA","2"
"ANHEMBI","6"
"ANHUMAS","3"
"ANICUNS","20"
"ANISIO DE ABREU","28"
"ANORI","43"
"ANTAS","40"
"ANTONINA DO NORTE","27"
"ANTONIO ALMEIDA","12"
"ANTONIO CARDOSO","31"
"ANTONIO CARLOS","31"
"ANTONIO DIAS","23"
"ANTONIO GONCALVES","43"
"ANTONIO JOAO","11"
"ANTONIO MARTINS","46"
"ANTONIO PRADO DE MINAS","6"
"APARECIDA","70"
"APARECIDA D OESTE","4"
"APARECIDA DE GOIANIA","214"
"APARECIDA DO RIO DOCE","2"
"APARECIDA DO RIO NEGRO","2"
"APARECIDA DO TABOADO","15"
"APERIBE","25"
"APIACA","13"
"APIACAS","9"
"APIAI","44"
"APICUM-ACU","26"
"APODI","135"
"APORA","52"
"APORE","4"
"APUAREMA","31"
"APUI","41"
"APUIARES","56"
"AQUIDABA","36"
"AQUIDAUANA","41"
"AQUIRAZ","70"
"ARACAGI","44"
"ARACAI","3"
"ARACAJU","328"
"ARACARIGUAMA","19"
"ARACAS","27"
"ARACATI","94"
"ARACATU","69"
"ARACATUBA","154"
"ARACI","130"
"ARACITABA","7"
"ARACOIABA","91"
"ARACOIABA DA SERRA","31"
"ARACRUZ","76"
"ARACU","3"
"ARACUAI","91"
"ARAGARCAS","19"
"ARAGOIANIA","7"
"ARAGOMINAS","4"
"ARAGUACEMA","20"
"ARAGUACU","20"
"ARAGUAIANA","6"
"ARAGUAINA","167"
"ARAGUAINHA","3"
"ARAGUANA","43"
"ARAGUAPAZ","12"
"ARAGUARI","124"
"ARAGUATINS","62"
"ARAIOSES","87"
"ARAL MOREIRA","10"
"ARAMARI","28"
"ARAME","142"
"ARAMINA","4"
"ARANDU","6"
"ARANTINA","6"
"ARAPEI","9"
"ARAPIRACA","151"
"ARAPOEMA","25"
"ARAPONGA","14"
"ARAPORA","8"
"ARAPUA","5"
"ARAPUTANGA","15"
"ARARA","25"
"ARARAQUARA","148"
"ARARAS","83"
"ARARENDA","37"
"ARARI","100"
"ARARIPE","34"
"ARARIPINA","164"
"ARARUAMA","177"
"ARARUNA","51"
"ARATACA","48"
"ARATUBA","16"
"ARATUIPE","33"
"ARAUA","26"
"ARAUJOS","9"
"ARAXA","92"
"ARCEBURGO","6"
"ARCO-IRIS","3"
"ARCOS","36"
"ARCOVERDE","75"
"AREADO","16"
"AREAL","19"
"AREALVA","9"
"AREIA","62"
"AREIA BRANCA","76"
"AREIA DE BARAUNAS","14"
"AREIAL","20"
"AREIAS","8"
"AREIOPOLIS","10"
"ARENAPOLIS","10"
"ARENOPOLIS","5"
"ARES","20"
"ARGIRITA","7"
"ARICANDUVA","22"
"ARINOS","44"
"ARIPUANA","23"
"ARIQUEMES","79"
"ARIRANHA","6"
"ARMACAO DOS BUZIOS","27"
"ARNEIROZ","44"
"AROAZES","30"
"AROEIRAS","89"
"AROEIRAS DO ITAIM","20"
"ARRAIAL","20"
"ARRAIAL DO CABO","25"
"ARRAIAS","68"
"ARTUR NOGUEIRA","34"
"ARUANA","6"
"ARUJA","83"
"ASPASIA","2"
"ASSARE","36"
"ASSIS","71"
"ASSIS BRASIL","73"
"ASSUNCAO","12"
"ASSUNCAO DO PIAUI","31"
"ASTOLFO DUTRA","19"
"ATALAIA","42"
"ATALAIA DO NORTE","68"
"ATALEIA","45"
"ATIBAIA","115"
"ATILIO VIVACQUA","14"
"AUGUSTINOPOLIS","28"
"AUGUSTO CORREA","96"
"AUGUSTO DE LIMA","11"
"AUGUSTO SEVERO","44"
"AURELINO LEAL","35"
"AURIFLAMA","8"
"AURILANDIA","3"
"AURORA","27"
"AURORA DO PARA","116"
"AURORA DO TOCANTINS","11"
"AUTAZES","51"
"AVAI","8"
"AVANHANDAVA","10"
"AVARE","81"
"AVEIRO","113"
"AVELINO LOPES","41"
"AVELINOPOLIS","2"
"AXIXA","20"
"AXIXA DO TOCANTINS","35"
"BABACULANDIA","12"
"BACABAL","148"
"BACABEIRA","21"
"BACURI","34"
"BACURITUBA","19"
"BADY BASSITT","12"
"BAEPENDI","28"
"BAGRE","74"
"BAIA DA TRAICAO","21"
"BAIA FORMOSA","15"
"BAIANOPOLIS","43"
"BAIAO","132"
"BAIXA GRANDE","57"
"BAIXA GRANDE DO RIBEIRO","51"
"BAIXIO","37"
"BAIXO GUANDU","71"
"BALBINOS","7"
"BALDIM","12"
"BALIZA","5"
"BALSAMO","4"
"BALSAS","180"
"BAMBUI","26"
"BANABUIU","26"
"BANANAL","20"
"BANANEIRAS","59"
"BANDEIRA","30"
"BANDEIRA DO SUL","7"
"BANDEIRANTES","10"
"BANDEIRANTES DO TOCANTINS","9"
"BANNACH","13"
"BANZAE","29"
"BARAO DE ANTONINA","4"
"BARAO DE COCAIS","34"
"BARAO DE GRAJAU","48"
"BARAO DE MELGACO","26"
"BARAO DE MONTE ALTO","23"
"BARAUNA","61"
"BARBACENA","125"
"BARBALHA","68"
"BARBOSA","5"
"BARCARENA","129"
"BARCELONA","15"
"BARCELOS","68"
"BARIRI","29"
"BARRA","104"
"BARRA BONITA","31"
"BARRA D ALCANTARA","15"
"BARRA DA ESTIVA","67"
"BARRA DE GUABIRABA","24"
"BARRA DE SANTA ROSA","32"
"BARRA DE SANTANA","43"
"BARRA DE SANTO ANTONIO","13"
"BARRA DE SAO FRANCISCO","69"
"BARRA DE SAO MIGUEL","20"
"BARRA DO BUGRES","42"
"BARRA DO CHAPEU","16"
"BARRA DO CHOCA","54"
"BARRA DO CORDA","219"
"BARRA DO GARCAS","66"
"BARRA DO MENDES","61"
"BARRA DO OURO","14"
"BARRA DO PIRAI","82"
"BARRA DO ROCHA","31"
"BARRA DO TURVO","25"
"BARRA DOS COQUEIROS","30"
"BARRA LONGA","17"
"BARRA MANSA","106"
"BARRAS","109"
"BARREIRA","32"
"BARREIRAS","132"
"BARREIRAS DO PIAUI","26"
"BARREIRINHA","114"
"BARREIRINHAS","196"
"BARREIROS","61"
"BARRETOS","97"
"BARRINHA","20"
"BARRO","71"
"BARRO ALTO","55"
"BARRO DURO","17"
"BARRO PRETO","21"
"BARROCAS","42"
"BARROLANDIA","20"
"BARROQUINHA","15"
"BARROSO","33"
"BARUERI","158"
"BASTOS","18"
"BATAGUASSU","15"
"BATALHA","101"
"BATATAIS","49"
"BATAYPORA","6"
"BATURITE","61"
"BAURU","263"
"BAYEUX","111"
"BEBEDOURO","62"
"BEBERIBE","63"
"BELA CRUZ","51"
"BELA VISTA","27"
"BELA VISTA DE GOIAS","24"
"BELA VISTA DE MINAS","20"
"BELA VISTA DO MARANHAO","20"
"BELA VISTA DO PIAUI","8"
"BELAGUA","57"
"BELEM","855"
"BELEM DE MARIA","19"
"BELEM DO BREJO DO CRUZ","30"
"BELEM DO PIAUI","13"
"BELEM DO SAO FRANCISCO","89"
"BELFORD ROXO","279"
"BELMIRO BRAGA","21"
"BELMONTE","60"
"BELO CAMPO","44"
"BELO HORIZONTE","1755"
"BELO JARDIM","108"
"BELO MONTE","20"
"BELO ORIENTE","28"
"BELO VALE","23"
"BELTERRA","78"
"BENEDITINOS","61"
"BENEDITO LEITE","25"
"BENEVIDES","53"
"BENJAMIN CONSTANT","83"
"BENTO DE ABREU","6"
"BENTO FERNANDES","24"
"BEQUIMAO","59"
"BERILO","68"
"BERIZAL","11"
"BERNARDINO BATISTA","18"
"BERNARDINO DE CAMPOS","14"
"BERNARDO DO MEARIM","21"
"BERNARDO SAYAO","7"
"BERTIOGA","47"
"BERTOLINIA","29"
"BERTOPOLIS","13"
"BERURI","85"
"BETANIA","49"
"BETANIA DO PIAUI","35"
"BETIM","238"
"BEZERROS","106"
"BIAS FORTES","15"
"BICAS","25"
"BILAC","5"
"BIQUINHAS","4"
"BIRIGUI","72"
"BIRITIBA-MIRIM","20"
"BIRITINGA","48"
"BOA ESPERANCA","102"
"BOA ESPERANCA DO SUL","9"
"BOA HORA","37"
"BOA NOVA","40"
"BOA VENTURA","33"
"BOA VIAGEM","191"
"BOA VISTA","213"
"BOA VISTA DO GURUPI","17"
"BOA VISTA DO RAMOS","60"
"BOA VISTA DO TUPIM","61"
"BOCA DA MATA","18"
"BOCA DO ACRE","154"
"BOCAINA","33"
"BOCAINA DE MINAS","15"
"BOCAIUVA","94"
"BODO","18"
"BODOCO","92"
"BODOQUENA","10"
"BOFETE","8"
"BOITUVA","46"
"BOM CONSELHO","65"
"BOM DESPACHO","33"
"BOM JARDIM","284"
"BOM JARDIM DE GOIAS","8"
"BOM JARDIM DE MINAS","34"
"BOM JESUS","78"
"BOM JESUS DA LAPA","117"
"BOM JESUS DA PENHA","3"
"BOM JESUS DA SERRA","15"
"BOM JESUS DAS SELVAS","100"
"BOM JESUS DE GOIAS","18"
"BOM JESUS DO AMPARO","14"
"BOM JESUS DO ARAGUAIA","11"
"BOM JESUS DO GALHO","14"
"BOM JESUS DO ITABAPOANA","98"
"BOM JESUS DO NORTE","19"
"BOM JESUS DO TOCANTINS","44"
"BOM JESUS DOS PERDOES","19"
"BOM LUGAR","51"
"BOM PRINCIPIO DO PIAUI","34"
"BOM REPOUSO","16"
"BOM SUCESSO","66"
"BOM SUCESSO DE ITARARE","2"
"BONFIM","56"
"BONFIM DO PIAUI","26"
"BONFINOPOLIS","7"
"BONFINOPOLIS DE MINAS","19"
"BONINAL","24"
"BONITO","159"
"BONITO DE MINAS","44"
"BONITO DE SANTA FE","36"
"BONOPOLIS","4"
"BOQUEIRAO","39"
"BOQUEIRAO DO PIAUI","17"
"BOQUIM","42"
"BOQUIRA","105"
"BORA","3"
"BORACEIA","4"
"BORBA","191"
"BORBOREMA","25"
"BORDA DA MATA","13"
"BOREBI","4"
"BOTELHOS","25"
"BOTUCATU","114"
"BOTUMIRIM","33"
"BOTUPORA","56"
"BRAGANCA","191"
"BRAGANCA PAULISTA","132"
"BRANQUINHA","20"
"BRAS PIRES","8"
"BRASIL NOVO","56"
"BRASILANDIA","12"
"BRASILANDIA DE MINAS","19"
"BRASILANDIA DO TOCANTINS","4"
"BRASILEIA","102"
"BRASILEIRA","20"
"BRASILIA","1207"
"BRASILIA DE MINAS","59"
"BRASNORTE","26"
"BRASOPOLIS","26"
"BRAUNA","7"
"BRAUNAS","20"
"BRAZABRANTES","6"
"BREJAO","40"
"BREJETUBA","29"
"BREJINHO","47"
"BREJINHO DE NAZARE","9"
"BREJO","72"
"BREJO ALEGRE","5"
"BREJO DA MADRE DE DEUS","63"
"BREJO DE AREIA","58"
"BREJO DO CRUZ","44"
"BREJO DO PIAUI","26"
"BREJO DOS SANTOS","21"
"BREJO GRANDE","13"
"BREJO GRANDE DO ARAGUAIA","24"
"BREJO SANTO","78"
"BREJOES","38"
"BREJOLANDIA","22"
"BREU BRANCO","42"
"BREVES","360"
"BRITANIA","10"
"BRODOWSKI","18"
"BROTAS","24"
"BROTAS DE MACAUBAS","75"
"BRUMADINHO","35"
"BRUMADO","116"
"BUENO BRANDAO","15"
"BUENOPOLIS","34"
"BUENOS AIRES","23"
"BUERAREMA","51"
"BUGRE","8"
"BUIQUE","118"
"BUJARI","45"
"BUJARU","93"
"BURI","23"
"BURITAMA","12"
"BURITI","79"
"BURITI ALEGRE","11"
"BURITI BRAVO","103"
"BURITI DE GOIAS","2"
"BURITI DO TOCANTINS","18"
"BURITI DOS LOPES","39"
"BURITI DOS MONTES","28"
"BURITICUPU","107"
"BURITINOPOLIS","8"
"BURITIRAMA","72"
"BURITIRANA","30"
"BURITIS","187"
"BURITIZAL","4"
"BURITIZEIRO","81"
"CAAPIRANGA","68"
"CAAPORA","26"
"CAARAPO","19"
"CAATIBA","22"
"CABACEIRAS","9"
"CABACEIRAS DO PARAGUACU","36"
"CABECEIRA GRANDE","18"
"CABECEIRAS","13"
"CABECEIRAS DO PIAUI","40"
"CABEDELO","48"
"CABIXI","8"
"CABO DE SANTO AGOSTINHO","187"
"CABO FRIO","157"
"CABO VERDE","16"
"CABRALIA PAULISTA","5"
"CABREUVA","30"
"CABROBO","77"
"CACAPAVA","72"
"CACAULANDIA","15"
"CACERES","77"
"CACHOEIRA","62"
"CACHOEIRA ALTA","10"
"CACHOEIRA DA PRATA","3"
"CACHOEIRA DE GOIAS","2"
"CACHOEIRA DE MINAS","12"
"CACHOEIRA DE PAJEU","16"
"CACHOEIRA DO ARARI","57"
"CACHOEIRA DO PIRIA","67"
"CACHOEIRA DOS INDIOS","35"
"CACHOEIRA DOURADA","13"
"CACHOEIRA GRANDE","56"
"CACHOEIRA PAULISTA","54"
"CACHOEIRAS DE MACACU","85"
"CACHOEIRINHA","35"
"CACHOEIRO DE ITAPEMIRIM","183"
"CACIMBA DE AREIA","20"
"CACIMBA DE DENTRO","44"
"CACIMBAS","19"
"CACIMBINHAS","26"
"CACOAL","64"
"CACONDE","17"
"CACU","14"
"CACULE","27"
"CAEM","41"
"CAETANOPOLIS","10"
"CAETANOS","57"
"CAETE","50"
"CAETES","52"
"CAETITE","172"
"CAFARNAUM","35"
"CAFELANDIA","17"
"CAIABU","5"
"CAIANA","14"
"CAIAPONIA","20"
"CAICARA","23"
"CAICARA DO NORTE","9"
"CAICARA DO RIO DO VENTO","14"
"CAICO","99"
"CAIEIRAS","72"
"CAIRU","36"
"CAIUA","5"
"CAJAMAR","50"
"CAJAPIO","37"
"CAJARI","74"
"CAJATI","46"
"CAJAZEIRAS","87"
"CAJAZEIRAS DO PIAUI","19"
"CAJAZEIRINHAS","20"
"CAJOBI","8"
"CAJUEIRO","22"
"CAJUEIRO DA PRAIA","19"
"CAJURI","6"
"CAJURU","27"
"CALCADO","26"
"CALCOENE","25"
"CALDAS","20"
"CALDAS BRANDAO","16"
"CALDAS NOVAS","62"
"CALDAZINHA","8"
"CALDEIRAO GRANDE","40"
"CALDEIRAO GRANDE DO PIAUI","27"
"CALUMBI","31"
"CAMACAN","68"
"CAMACARI","210"
"CAMACHO","14"
"CAMALAU","32"
"CAMAMU","98"
"CAMANDUCAIA","21"
"CAMAPUA","15"
"CAMARAGIBE","139"
"CAMBUCI","45"
"CAMBUI","29"
"CAMBUQUIRA","12"
"CAMETA","270"
"CAMOCIM","105"
"CAMOCIM DE SAO FELIX","20"
"CAMPANARIO","6"
"CAMPANHA","40"
"CAMPESTRE","46"
"CAMPESTRE DE GOIAS","4"
"CAMPESTRE DO MARANHAO","30"
"CAMPINA DO MONTE ALEGRE","5"
"CAMPINA GRANDE","408"
"CAMPINA VERDE","41"
"CAMPINACU","7"
"CAMPINAPOLIS","54"
"CAMPINAS","859"
"CAMPINAS DO PIAUI","24"
"CAMPINORTE","15"
"CAMPO ALEGRE","23"
"CAMPO ALEGRE DE GOIAS","9"
"CAMPO ALEGRE DE LOURDES","147"
"CAMPO ALEGRE DO FIDALGO","34"
"CAMPO AZUL","14"
"CAMPO BELO","45"
"CAMPO DO BRITO","27"
"CAMPO DO MEIO","14"
"CAMPO FLORIDO","26"
"CAMPO FORMOSO","201"
"CAMPO GRANDE","495"
"CAMPO GRANDE DO PIAUI","28"
"CAMPO LARGO DO PIAUI","27"
"CAMPO LIMPO DE GOIAS","3"
"CAMPO LIMPO PAULISTA","50"
"CAMPO MAIOR","67"
"CAMPO NOVO DE RONDONIA","31"
"CAMPO NOVO DO PARECIS","24"
"CAMPO REDONDO","27"
"CAMPO VERDE","22"
"CAMPOS ALTOS","19"
"CAMPOS BELOS","18"
"CAMPOS DE JULIO","6"
"CAMPOS DO JORDAO","70"
"CAMPOS DOS GOYTACAZES","499"
"CAMPOS GERAIS","45"
"CAMPOS LINDOS","27"
"CAMPOS NOVOS PAULISTA","3"
"CAMPOS SALES","67"
"CAMPOS VERDES","10"
"CAMUTANGA","14"
"CANA VERDE","9"
"CANAA","8"
"CANAA DOS CARAJAS","33"
"CANABRAVA DO NORTE","7"
"CANANEIA","29"
"CANAPI","56"
"CANAPOLIS","45"
"CANARANA","82"
"CANAS","8"
"CANAVIEIRA","15"
"CANAVIEIRAS","89"
"CANDEAL","44"
"CANDEIAS","114"
"CANDEIAS DO JAMARI","33"
"CANDIBA","14"
"CANDIDO MENDES","56"
"CANDIDO MOTA","20"
"CANDIDO RODRIGUES","5"
"CANDIDO SALES","70"
"CANGUARETAMA","39"
"CANHOBA","16"
"CANHOTINHO","54"
"CANINDE","199"
"CANINDE DE SAO FRANCISCO","27"
"CANITAR","4"
"CANSANCAO","95"
"CANTA","62"
"CANTAGALO","66"
"CANTANHEDE","75"
"CANTO DO BURITI","66"
"CANUDOS","49"
"CANUTAMA","71"
"CAPANEMA","106"
"CAPAO BONITO","43"
"CAPARAO","14"
"CAPELA","87"
"CAPELA DO ALTO","17"
"CAPELA DO ALTO ALEGRE","20"
"CAPELA NOVA","12"
"CAPELINHA","104"
"CAPETINGA","5"
"CAPIM","7"
"CAPIM BRANCO","11"
"CAPIM GROSSO","49"
"CAPINOPOLIS","11"
"CAPINZAL DO NORTE","33"
"CAPISTRANO","18"
"CAPITAO ANDRADE","13"
"CAPITAO DE CAMPOS","44"
"CAPITAO ENEAS","28"
"CAPITAO GERVASIO OLIVEIRA","31"
"CAPITAO POCO","149"
"CAPITOLIO","12"
"CAPIVARI","41"
"CAPIXABA","33"
"CAPOEIRAS","57"
"CAPUTIRA","15"
"CARACARAI","35"
"CARACOL","43"
"CARAGUATATUBA","108"
"CARAI","35"
"CARAIBAS","9"
"CARANAIBA","7"
"CARANDAI","33"
"CARANGOLA","64"
"CARAPEBUS","18"
"CARAPICUIBA","150"
"CARATINGA","112"
"CARAUARI","71"
"CARAUBAS","112"
"CARAUBAS DO PIAUI","29"
"CARAVELAS","34"
"CARBONITA","41"
"CARDEAL DA SILVA","12"
"CARDOSO","14"
"CARDOSO MOREIRA","29"
"CAREACU","9"
"CAREIRO","57"
"CAREIRO DA VARZEA","62"
"CARIACICA","217"
"CARIDADE","61"
"CARIDADE DO PIAUI","29"
"CARINHANHA","40"
"CARIRA","57"
"CARIRE","48"
"CARIRI DO TOCANTINS","3"
"CARIRIACU","91"
"CARIUS","38"
"CARLINDA","10"
"CARLOS CHAGAS","34"
"CARMESIA","7"
"CARMO","42"
"CARMO DA CACHOEIRA","22"
"CARMO DA MATA","12"
"CARMO DE MINAS","19"
"CARMO DO CAJURU","21"
"CARMO DO PARANAIBA","41"
"CARMO DO RIO CLARO","17"
"CARMO DO RIO VERDE","8"
"CARMOLANDIA","5"
"CARMOPOLIS","16"
"CARMOPOLIS DE MINAS","14"
"CARNAIBA","33"
"CARNAUBA DOS DANTAS","16"
"CARNAUBAIS","27"
"CARNAUBAL","41"
"CARNAUBEIRA DA PENHA","107"
"CARNEIRINHO","21"
"CARNEIROS","14"
"CAROEBE","43"
"CAROLINA","71"
"CARPINA","75"
"CARRANCAS","9"
"CARRAPATEIRA","12"
"CARRASCO BONITO","8"
"CARUARU","311"
"CARUTAPERA","46"
"CARVALHOPOLIS","9"
"CARVALHOS","15"
"CASA BRANCA","30"
"CASA GRANDE","7"
"CASA NOVA","231"
"CASCALHO RICO","10"
"CASCAVEL","127"
"CASEARA","16"
"CASIMIRO DE ABREU","50"
"CASINHAS","33"
"CASSERENGUE","15"
"CASSIA","17"
"CASSIA DOS COQUEIROS","6"
"CASSILANDIA","18"
"CASTANHAL","161"
"CASTANHEIRA","13"
"CASTANHEIRAS","7"
"CASTELANDIA","4"
"CASTELO","53"
"CASTELO DO PIAUI","74"
"CASTILHO","14"
"CASTRO ALVES","69"
"CATAGUASES","62"
"CATALAO","68"
"CATANDUVA","77"
"CATARINA","27"
"CATAS ALTAS","8"
"CATAS ALTAS DA NORUEGA","8"
"CATENDE","51"
"CATIGUA","6"
"CATINGUEIRA","19"
"CATOLANDIA","12"
"CATOLE DO ROCHA","58"
"CATU","87"
"CATUJI","23"
"CATUNDA","28"
"CATURAI","5"
"CATURAMA","40"
"CATURITE","17"
"CATUTI","14"
"CAUCAIA","305"
"CAVALCANTE","56"
"CAXAMBU","20"
"CAXIAS","351"
"CAXINGO","36"
"CEARA-MIRIM","84"
"CEDRAL","26"
"CEDRO","84"
"CEDRO DE SAO JOAO","10"
"CEDRO DO ABAETE","3"
"CENTENARIO","15"
"CENTRAL","60"
"CENTRAL DE MINAS","12"
"CENTRAL DO MARANHAO","24"
"CENTRALINA","19"
"CENTRO DO GUILHERME","32"
"CENTRO NOVO DO MARANHAO","75"
"CEREJEIRAS","21"
"CERES","25"
"CERQUEIRA CESAR","18"
"CERQUILHO","37"
"CERRO CORA","35"
"CESARIO LANGE","15"
"CEZARINA","6"
"CHA DE ALEGRIA","23"
"CHA GRANDE","44"
"CHA PRETA","25"
"CHACARA","13"
"CHALE","20"
"CHAPADA DA NATIVIDADE","25"
"CHAPADA DE AREIA","9"
"CHAPADA DO NORTE","71"
"CHAPADA DOS GUIMARAES","24"
"CHAPADA GAUCHA","38"
"CHAPADAO DO CEU","7"
"CHAPADAO DO SUL","16"
"CHAPADINHA","200"
"CHARQUEADA","10"
"CHAVAL","26"
"CHAVANTES","14"
"CHAVES","108"
"CHIADOR","12"
"CHORO","69"
"CHOROZINHO","35"
"CHORROCHO","58"
"CHUPINGUAIA","15"
"CICERO DANTAS","48"
"CIDADE OCIDENTAL","33"
"CIDELANDIA","37"
"CIPO","45"
"CIPOTANEA","11"
"CLARAVAL","9"
"CLARO DOS POCOES","27"
"CLAUDIA","12"
"CLAUDIO","43"
"CLEMENTINA","6"
"COARACI","51"
"COARI","203"
"COCAL","63"
"COCAL DE TELHA","9"
"COCAL DOS ALVES","23"
"COCALINHO","14"
"COCALZINHO DE GOIAS","24"
"COCOS","51"
"CODAJAS","74"
"CODO","299"
"COELHO NETO","56"
"COIMBRA","17"
"COITE DO NOIA","26"
"COIVARAS","19"
"COLARES","39"
"COLATINA","127"
"COLIDER","48"
"COLINA","18"
"COLINAS","83"
"COLINAS DO SUL","9"
"COLINAS DO TOCANTINS","40"
"COLMEIA","21"
"COLNIZA","27"
"COLOMBIA","8"
"COLONIA DO GURGUEIA","17"
"COLONIA DO PIAUI","24"
"COLONIA LEOPOLDINA","34"
"COLORADO DO OESTE","20"
"COLUNA","23"
"COMBINADO","7"
"COMENDADOR GOMES","20"
"COMENDADOR LEVY GASPARIAN","11"
"COMERCINHO","63"
"COMODORO","24"
"CONCEICAO","86"
"CONCEICAO DA APARECIDA","18"
"CONCEICAO DA BARRA","59"
"CONCEICAO DA BARRA DE MINAS","9"
"CONCEICAO DA FEIRA","45"
"CONCEICAO DAS ALAGOAS","31"
"CONCEICAO DAS PEDRAS","6"
"CONCEICAO DE IPANEMA","13"
"CONCEICAO DE MACABU","36"
"CONCEICAO DO ALMEIDA","34"
"CONCEICAO DO ARAGUAIA","76"
"CONCEICAO DO CANINDE","23"
"CONCEICAO DO CASTELO","21"
"CONCEICAO DO COITE","179"
"CONCEICAO DO JACUIPE","45"
"CONCEICAO DO LAGO-ACU","57"
"CONCEICAO DO MATO DENTRO","51"
"CONCEICAO DO PARA","12"
"CONCEICAO DO RIO VERDE","12"
"CONCEICAO DO TOCANTINS","33"
"CONCEICAO DOS OUROS","19"
"CONCHAL","29"
"CONCHAS","15"
"CONCORDIA DO PARA","101"
"CONDADO","44"
"CONDE","106"
"CONDEUBA","74"
"CONEGO MARINHO","35"
"CONFINS","8"
"CONFRESA","26"
"CONGO","19"
"CONGONHAL","6"
"CONGONHAS","56"
"CONGONHAS DO NORTE","14"
"CONQUISTA","23"
"CONQUISTA D OESTE","8"
"CONSELHEIRO LAFAIETE","135"
"CONSELHEIRO PENA","65"
"CONSOLACAO","3"
"CONTAGEM","420"
"CONTENDAS DO SINCORA","19"
"COQUEIRAL","20"
"COQUEIRO SECO","9"
"CORACAO DE JESUS","78"
"CORACAO DE MARIA","49"
"CORDEIRO","22"
"CORDEIROPOLIS","20"
"CORDEIROS","42"
"CORDISBURGO","20"
"CORDISLANDIA","5"
"COREAU","29"
"COREMAS","54"
"CORGUINHO","5"
"CORIBE","27"
"CORINTO","22"
"COROACI","30"
"COROADOS","4"
"COROATA","169"
"COROMANDEL","43"
"CORONEL EZEQUIEL","17"
"CORONEL FABRICIANO","96"
"CORONEL JOAO PESSOA","28"
"CORONEL JOAO SA","73"
"CORONEL JOSE DIAS","29"
"CORONEL MACEDO","4"
"CORONEL MURTA","22"
"CORONEL PACHECO","9"
"CORONEL SAPUCAIA","12"
"CORONEL XAVIER CHAVES","3"
"CORREGO DANTA","9"
"CORREGO DO BOM JESUS","6"
"CORREGO DO OURO","4"
"CORREGO FUNDO","4"
"CORREGO NOVO","6"
"CORRENTE","88"
"CORRENTES","45"
"CORRENTINA","74"
"CORTES","27"
"CORUMBA","58"
"CORUMBA DE GOIAS","24"
"CORUMBAIBA","10"
"CORUMBATAI","4"
"CORUMBIARA","17"
"CORURIPE","32"
"COSMOPOLIS","39"
"COSMORAMA","7"
"COSTA MARQUES","25"
"COSTA RICA","18"
"COTEGIPE","68"
"COTIA","191"
"COTRIGUACU","39"
"COUTO DE MAGALHAES DE MINAS","17"
"COUTO MAGALHAES","25"
"COXIM","21"
"COXIXOLA","10"
"CRAIBAS","37"
"CRATEUS","165"
"CRATO","165"
"CRAVINHOS","26"
"CRAVOLANDIA","22"
"CRISOLITA","18"
"CRISOPOLIS","50"
"CRISTAIS","20"
"CRISTAIS PAULISTA","5"
"CRISTALANDIA","12"
"CRISTALANDIA DO PIAUI","33"
"CRISTALIA","30"
"CRISTALINA","36"
"CRISTIANO OTONI","7"
"CRISTIANOPOLIS","3"
"CRISTINA","24"
"CRISTINAPOLIS","31"
"CRISTINO CASTRO","27"
"CRISTOPOLIS","42"
"CRIXAS","19"
"CRIXAS DO TOCANTINS","10"
"CROATA","44"
"CROMINIA","6"
"CRUCILANDIA","9"
"CRUZ","31"
"CRUZ DAS ALMAS","76"
"CRUZ DO ESPIRITO SANTO","28"
"CRUZALIA","5"
"CRUZEIRO","72"
"CRUZEIRO DA FORTALEZA","8"
"CRUZEIRO DO SUL","190"
"CRUZETA","14"
"CRUZILIA","18"
"CUBATAO","96"
"CUBATI","36"
"CUIABA","360"
"CUITE","65"
"CUITE DE MAMANGUAPE","19"
"CUITEGI","22"
"CUJUBIM","8"
"CUMARI","4"
"CUMARU","49"
"CUMARU DO NORTE","22"
"CUMBE","13"
"CUNHA","92"
"CUPARAQUE","19"
"CUPIRA","50"
"CURACA","82"
"CURIMATA","40"
"CURIONOPOLIS","30"
"CURRAIS","27"
"CURRAIS NOVOS","79"
"CURRAL DE CIMA","19"
"CURRAL DE DENTRO","13"
"CURRAL NOVO DO PIAUI","28"
"CURRAL VELHO","14"
"CURRALINHO","56"
"CURRALINHOS","17"
"CURUA","44"
"CURUCA","100"
"CURURUPU","69"
"CURVELANDIA","6"
"CURVELO","86"
"CUSTODIA","88"
"CUTIAS","24"
"DAMIANOPOLIS","14"
"DAMIAO","10"
"DAMOLANDIA","3"
"DARCINOPOLIS","14"
"DARIO MEIRA","33"
"DATAS","11"
"DAVINOPOLIS","27"
"DELFIM MOREIRA","17"
"DELFINOPOLIS","12"
"DELMIRO GOUVEIA","47"
"DELTA","6"
"DEMERVAL LOBAO","16"
"DENISE","7"
"DEODAPOLIS","12"
"DEPUTADO IRAPUAN PINHEIRO","11"
"DESCALVADO","32"
"DESCOBERTO","10"
"DESTERRO","19"
"DESTERRO DE ENTRE RIOS","14"
"DESTERRO DO MELO","14"
"DIADEMA","195"
"DIAMANTE","31"
"DIAMANTINA","86"
"DIAMANTINO","28"
"DIANOPOLIS","30"
"DIAS D AVILA","53"
"DIOGO DE VASCONCELOS","17"
"DIONISIO","24"
"DIORAMA","5"
"DIRCE REIS","2"
"DIRCEU ARCOVERDE","28"
"DIVINA PASTORA","10"
"DIVINESIA","9"
"DIVINO","35"
"DIVINO DAS LARANJEIRAS","14"
"DIVINO DE SAO LOURENCO","23"
"DIVINOLANDIA","12"
"DIVINOLANDIA DE MINAS","14"
"DIVINOPOLIS","192"
"DIVINOPOLIS DE GOIAS","9"
"DIVINOPOLIS DO TOCANTINS","26"
"DIVISA ALEGRE","4"
"DIVISA NOVA","20"
"DIVISOPOLIS","19"
"DOBRADA","6"
"DOIS CORREGOS","20"
"DOIS IRMAOS DO BURITI","11"
"DOIS IRMAOS DO TOCANTINS","24"
"DOIS RIACHOS","33"
"DOLCINOPOLIS","2"
"DOM AQUINO","10"
"DOM BASILIO","36"
"DOM BOSCO","8"
"DOM CAVATI","8"
"DOM ELISEU","80"
"DOM EXPEDITO LOPES","19"
"DOM INOCENCIO","38"
"DOM JOAQUIM","16"
"DOM MACEDO COSTA","15"
"DOM PEDRO","60"
"DOM SILVERIO","6"
"DOM VICOSO","5"
"DOMINGOS MARTINS","64"
"DOMINGOS MOURAO","33"
"DONA EUSEBIA","11"
"DONA INES","34"
"DORES DE CAMPOS","15"
"DORES DE GUANHAES","10"
"DORES DO INDAIA","13"
"DORES DO RIO PRETO","12"
"DORES DO TURVO","19"
"DORESOPOLIS","4"
"DORMENTES","89"
"DOURADINA","5"
"DOURADO","7"
"DOURADOQUARA","5"
"DOURADOS","129"
"DOUTOR SEVERIANO","30"
"DOVERLANDIA","12"
"DRACENA","39"
"DUARTINA","11"
"DUAS BARRAS","50"
"DUAS ESTRADAS","11"
"DUERE","5"
"DUMONT","8"
"DUQUE BACELAR","46"
"DUQUE DE CAXIAS","447"
"DURANDE","19"
"ECHAPORA","4"
"ECOPORANGA","46"
"EDEALINA","4"
"EDEIA","9"
"EIRUNEPE","53"
"ELDORADO","75"
"ELDORADO DOS CARAJAS","72"
"ELESBAO VELOSO","58"
"ELIAS FAUSTO","12"
"ELISEU MARTINS","18"
"ELISIARIO","3"
"ELISIO MEDRADO","39"
"ELOI MENDES","29"
"EMAS","19"
"EMBAUBA","5"
"EMBU","131"
"EMBU-GUACU","69"
"EMILIANOPOLIS","3"
"ENCANTO","18"
"ENCRUZILHADA","87"
"ENGENHEIRO CALDAS","18"
"ENGENHEIRO COELHO","10"
"ENGENHEIRO NAVARRO","21"
"ENGENHEIRO PAULO DE FRONTIN","19"
"ENTRE FOLHAS","8"
"ENTRE RIOS","97"
"ENTRE RIOS DE MINAS","38"
"ENVIRA","93"
"EPITACIOLANDIA","38"
"EQUADOR","8"
"ERERE","19"
"ERICO CARDOSO","53"
"ERVALIA","24"
"ESCADA","93"
"ESMERALDAS","51"
"ESPERA FELIZ","30"
"ESPERANCA","42"
"ESPERANTINA","140"
"ESPERANTINOPOLIS","56"
"ESPIGAO D OESTE","29"
"ESPINOSA","76"
"ESPIRITO SANTO","24"
"ESPIRITO SANTO DO DOURADO","6"
"ESPIRITO SANTO DO PINHAL","45"
"ESPIRITO SANTO DO TURVO","4"
"ESPLANADA","84"
"ESTANCIA","96"
"ESTIVA","11"
"ESTIVA GERBI","13"
"ESTREITO","77"
"ESTRELA D OESTE","7"
"ESTRELA DALVA","8"
"ESTRELA DE ALAGOAS","29"
"ESTRELA DO INDAIA","6"
"ESTRELA DO NORTE","9"
"ESTRELA DO SUL","16"
"EUCLIDES DA CUNHA","195"
"EUCLIDES DA CUNHA PAULISTA","11"
"EUGENOPOLIS","25"
"EUNAPOLIS","91"
"EUSEBIO","50"
"EWBANK DA CAMARA","6"
"EXTREMA","31"
"EXTREMOZ","54"
"EXU","96"
"FAGUNDES","43"
"FAINA","28"
"FAMA","8"
"FARIA LEMOS","9"
"FARIAS BRITO","46"
"FARO","22"
"FARTURA","20"
"FARTURA DO PIAUI","25"
"FATIMA","20"
"FATIMA DO SUL","15"
"FAZENDA NOVA","11"
"FEIJO","158"
"FEIRA DA MATA","23"
"FEIRA DE SANTANA","439"
"FEIRA GRANDE","40"
"FEIRA NOVA","43"
"FEIRA NOVA DO MARANHAO","20"
"FELICIO DOS SANTOS","24"
"FELIPE GUERRA","27"
"FELISBURGO","21"
"FELIXLANDIA","26"
"FELIZ DESERTO","7"
"FELIZ NATAL","14"
"FERNANDES TOURINHO","5"
"FERNANDO DE NORONHA","2"
"FERNANDO FALCAO","48"
"FERNANDO PEDROZA","7"
"FERNANDO PRESTES","7"
"FERNANDOPOLIS","52"
"FERNAO","3"
"FERRAZ DE VASCONCELOS","95"
"FERREIRA GOMES","11"
"FERREIROS","20"
"FERROS","42"
"FERVEDOURO","31"
"FIGUEIRAO","2"
"FIGUEIROPOLIS","5"
"FIGUEIROPOLIS D OESTE","5"
"FILADELFIA","56"
"FIRMINO ALVES","8"
"FIRMINOPOLIS","10"
"FLEXEIRAS","23"
"FLORA RICA","4"
"FLORANIA","26"
"FLOREAL","2"
"FLORES","57"
"FLORES DE GOIAS","29"
"FLORES DO PIAUI","23"
"FLORESTA","127"
"FLORESTA AZUL","41"
"FLORESTA DO ARAGUAIA","48"
"FLORESTA DO PIAUI","12"
"FLORESTAL","8"
"FLORIANO","138"
"FLORIDA PAULISTA","9"
"FLORINIA","4"
"FONTE BOA","58"
"FORMIGA","51"
"FORMOSA","95"
"FORMOSA DA SERRA NEGRA","31"
"FORMOSA DO RIO PRETO","88"
"FORMOSO","66"
"FORMOSO DO ARAGUAIA","47"
"FORQUILHA","34"
"FORTALEZA","2012"
"FORTALEZA DE MINAS","4"
"FORTALEZA DO TABOCAO","9"
"FORTALEZA DOS NOGUEIRAS","44"
"FORTIM","22"
"FORTUNA","35"
"FORTUNA DE MINAS","4"
"FRANCA","259"
"FRANCINOPOLIS","15"
"FRANCISCO AYRES","17"
"FRANCISCO BADARO","30"
"FRANCISCO DANTAS","19"
"FRANCISCO DUMONT","17"
"FRANCISCO MACEDO","15"
"FRANCISCO MORATO","86"
"FRANCISCO SA","91"
"FRANCISCO SANTOS","35"
"FRANCISCOPOLIS","16"
"FRANCO DA ROCHA","113"
"FRECHEIRINHA","29"
"FREI GASPAR","13"
"FREI INOCENCIO","22"
"FREI LAGONEGRO","9"
"FREI MARTINHO","11"
"FREI MIGUELINHO","28"
"FREI PAULO","23"
"FRONTEIRA","15"
"FRONTEIRA DOS VALES","9"
"FRONTEIRAS","45"
"FRUTA DE LEITE","13"
"FRUTAL","88"
"FRUTUOSO GOMES","22"
"FUNDAO","25"
"FUNILANDIA","9"
"GABRIEL MONTEIRO","4"
"GADO BRAVO","46"
"GALIA","4"
"GALILEIA","23"
"GALINHOS","7"
"GAMELEIRA","47"
"GAMELEIRA DE GOIAS","4"
"GAMELEIRAS","22"
"GANDU","60"
"GARANHUNS","150"
"GARARU","47"
"GARCA","45"
"GARRAFAO DO NORTE","94"
"GASTAO VIDIGAL","3"
"GAUCHA DO NORTE","14"
"GAVIAO","23"
"GAVIAO PEIXOTO","3"
"GEMINIANO","18"
"GENERAL CARNEIRO","20"
"GENERAL MAYNARD","5"
"GENERAL SALGADO","12"
"GENERAL SAMPAIO","17"
"GENTIO DO OURO","62"
"GETULINA","12"
"GILBUES","79"
"GIRAU DO PONCIANO","75"
"GLAUCILANDIA","12"
"GLICERIO","5"
"GLORIA","61"
"GLORIA D OESTE","5"
"GLORIA DE DOURADOS","9"
"GLORIA DO GOITA","50"
"GODOFREDO VIANA","21"
"GOIABEIRA","9"
"GOIANA","88"
"GOIANAPOLIS","10"
"GOIANDIRA","5"
"GOIANESIA","51"
"GOIANESIA DO PARA","53"
"GOIANIA","795"
"GOIANINHA","40"
"GOIANIRA","17"
"GOIANORTE","29"
"GOIAS","46"
"GOIATINS","36"
"GOIATUBA","26"
"GONCALVES","6"
"GONCALVES DIAS","55"
"GONGOGI","18"
"GONZAGA","19"
"GOUVEIA","18"
"GOUVELANDIA","7"
"GOVERNADOR ARCHER","28"
"GOVERNADOR DIX-SEPT ROSADO","32"
"GOVERNADOR EDISON LOBAO","21"
"GOVERNADOR EUGENIO BARROS","54"
"GOVERNADOR JORGE TEIXEIRA","23"
"GOVERNADOR LINDENBERG","41"
"GOVERNADOR LUIZ ROCHA","16"
"GOVERNADOR MANGABEIRA","42"
"GOVERNADOR NEWTON BELLO","55"
"GOVERNADOR NUNES FREIRE","47"
"GOVERNADOR VALADARES","268"
"GRACA","28"
"GRACA ARANHA","15"
"GRACHO CARDOSO","23"
"GRAJAU","329"
"GRANITO","33"
"GRANJA","91"
"GRANJEIRO","21"
"GRAO MOGOL","73"
"GRAVATA","120"
"GROAIRAS","31"
"GROSSOS","15"
"GRUPIARA","3"
"GUACUI","52"
"GUADALUPE","24"
"GUAICARA","9"
"GUAIMBE","5"
"GUAIRA","33"
"GUAIUBA","31"
"GUAJARA","78"
"GUAJARA-MIRIM","72"
"GUAJERU","12"
"GUAMARE","30"
"GUANAMBI","60"
"GUANHAES","42"
"GUAPE","29"
"GUAPIACU","11"
"GUAPIARA","35"
"GUAPIMIRIM","43"
"GUAPO","12"
"GUARA","19"
"GUARABIRA","87"
"GUARACAI","11"
"GUARACI","9"
"GUARACIABA","17"
"GUARACIABA DO NORTE","55"
"GUARACIAMA","17"
"GUARAI","28"
"GUARAITA","2"
"GUARAMIRANGA","18"
"GUARANESIA","21"
"GUARANI","17"
"GUARANI D OESTE","3"
"GUARANI DE GOIAS","10"
"GUARANTA","6"
"GUARANTA DO NORTE","35"
"GUARAPARI","105"
"GUARARA","7"
"GUARARAPES","35"
"GUARAREMA","38"
"GUARATINGA","63"
"GUARATINGUETA","126"
"GUARDA-MOR","11"
"GUAREI","19"
"GUARIBA","26"
"GUARIBAS","18"
"GUARINOS","4"
"GUARUJA","178"
"GUARULHOS","651"
"GUATAPARA","8"
"GUAXUPE","37"
"GUIA LOPES DA LAGUNA","7"
"GUIDOVAL","17"
"GUIMARAES","42"
"GUIMARANIA","10"
"GUIRATINGA","20"
"GUIRICEMA","22"
"GURINHATA","6"
"GURINHEM","37"
"GURJAO","12"
"GURUPA","116"
"GURUPI","82"
"GUZOLANDIA","5"
"HEITORAI","6"
"HELIODORA","6"
"HELIOPOLIS","15"
"HERCULANDIA","5"
"HIDROLANDIA","100"
"HIDROLINA","8"
"HOLAMBRA","18"
"HORIZONTE","53"
"HORTOLANDIA","114"
"HUGO NAPOLEAO","12"
"HUMAITA","129"
"HUMBERTO DE CAMPOS","112"
"IACANGA","9"
"IACIARA","22"
"IACRI","4"
"IACU","91"
"IAPU","11"
"IARAS","10"
"IATI","64"
"IBARETAMA","45"
"IBATE","20"
"IBATEGUARA","34"
"IBATIBA","51"
"IBERTIOGA","14"
"IBIA","27"
"IBIAI","10"
"IBIAPINA","44"
"IBIARA","26"
"IBIASSUCE","44"
"IBICARAI","45"
"IBICOARA","15"
"IBICUI","30"
"IBICUITINGA","66"
"IBIMIRIM","43"
"IBIPEBA","31"
"IBIPITANGA","67"
"IBIQUERA","19"
"IBIRA","10"
"IBIRACATU","22"
"IBIRACI","10"
"IBIRACU","22"
"IBIRAJUBA","36"
"IBIRAPITANGA","74"
"IBIRAPUA","12"
"IBIRAREMA","5"
"IBIRATAIA","56"
"IBIRITE","74"
"IBITIARA","52"
"IBITINGA","40"
"IBITIRAMA","42"
"IBITITA","40"
"IBITIURA DE MINAS","6"
"IBITURUNA","7"
"IBIUNA","98"
"IBOTIRAMA","71"
"ICAPUI","26"
"ICARAI DE MINAS","26"
"ICATU","103"
"ICEM","7"
"ICHU","14"
"ICO","168"
"ICONHA","35"
"IELMO MARINHO","29"
"IEPE","3"
"IGACI","36"
"IGAPORA","32"
"IGARACU DO TIETE","21"
"IGARACY","31"
"IGARAPAVA","26"
"IGARAPE","40"
"IGARAPE DO MEIO","41"
"IGARAPE GRANDE","31"
"IGARAPE-ACU","79"
"IGARAPE-MIRI","146"
"IGARASSU","92"
"IGARATA","15"
"IGARATINGA","10"
"IGRAPIUNA","65"
"IGREJA NOVA","44"
"IGUABA GRANDE","23"
"IGUAI","91"
"IGUAPE","64"
"IGUARACI","43"
"IGUATAMA","13"
"IGUATEMI","14"
"IGUATU","76"
"IJACI","9"
"ILHA COMPRIDA","9"
"ILHA DAS FLORES","12"
"ILHA DE ITAMARACA","32"
"ILHA GRANDE","15"
"ILHA SOLTEIRA","24"
"ILHABELA","42"
"ILHEUS","135"
"ILICINEA","17"
"IMACULADA","33"
"IMBE DE MINAS","13"
"IMPERATRIZ","265"
"INACIOLANDIA","6"
"INAJA","43"
"INCONFIDENTES","8"
"INDAIABIRA","22"
"INDAIATUBA","153"
"INDEPENDENCIA","106"
"INDIANA","4"
"INDIANOPOLIS","19"
"INDIAPORA","5"
"INDIARA","14"
"INDIAROBA","29"
"INDIAVAI","2"
"INGA","45"
"INGAI","11"
"INGAZEIRA","18"
"INHAMBUPE","80"
"INHANGAPI","46"
"INHAPI","48"
"INHAPIM","52"
"INHAUMA","5"
"INHUMA","58"
"INHUMAS","57"
"INIMUTABA","10"
"INOCENCIA","6"
"INUBIA PAULISTA","4"
"IPABA","12"
"IPAMERI","39"
"IPANEMA","18"
"IPANGUACU","34"
"IPAPORANGA","30"
"IPATINGA","194"
"IPAUMIRIM","63"
"IPAUSSU","12"
"IPECAETA","66"
"IPERO","19"
"IPEUNA","5"
"IPIACU","7"
"IPIAU","68"
"IPIGUA","3"
"IPIRA","106"
"IPIRANGA DE GOIAS","7"
"IPIRANGA DO NORTE","3"
"IPIRANGA DO PIAUI","31"
"IPIXUNA","64"
"IPIXUNA DO PARA","96"
"IPOJUCA","104"
"IPORA","33"
"IPORANGA","20"
"IPU","93"
"IPUA","19"
"IPUBI","45"
"IPUEIRA","3"
"IPUEIRAS","68"
"IPUIUNA","10"
"IPUPIARA","41"
"IRACEMA","65"
"IRACEMAPOLIS","19"
"IRAI DE MINAS","9"
"IRAJUBA","25"
"IRAMAIA","41"
"IRANDUBA","82"
"IRAPUA","4"
"IRAPURU","9"
"IRAQUARA","37"
"IRARA","80"
"IRAUCUBA","65"
"IRECE","71"
"IRITUIA","156"
"IRUPI","22"
"ISAIAS COELHO","32"
"ISRAELANDIA","3"
"ITABAIANA","144"
"ITABAIANINHA","69"
"ITABELA","44"
"ITABERA","23"
"ITABERABA","121"
"ITABERAI","28"
"ITABI","25"
"ITABIRA","160"
"ITABIRINHA","15"
"ITABIRITO","59"
"ITABORAI","175"
"ITABUNA","196"
"ITACAJA","31"
"ITACAMBIRA","40"
"ITACARAMBI","28"
"ITACARE","73"
"ITACOATIARA","189"
"ITACURUBA","18"
"ITAETE","46"
"ITAGI","45"
"ITAGIBA","52"
"ITAGIMIRIM","25"
"ITAGUACU","27"
"ITAGUACU DA BAHIA","94"
"ITAGUAI","109"
"ITAGUARA","12"
"ITAGUARI","5"
"ITAGUARU","5"
"ITAGUATINS","25"
"ITAI","16"
"ITAIBA","70"
"ITAICABA","11"
"ITAINOPOLIS","66"
"ITAIPAVA DO GRAJAU","45"
"ITAIPE","29"
"ITAITINGA","40"
"ITAITUBA","192"
"ITAJA","13"
"ITAJOBI","13"
"ITAJU","4"
"ITAJU DO COLONIA","26"
"ITAJUBA","93"
"ITAJUIPE","51"
"ITALVA","17"
"ITAMARAJU","102"
"ITAMARANDIBA","121"
"ITAMARATI","65"
"ITAMARATI DE MINAS","8"
"ITAMARI","20"
"ITAMBACURI","57"
"ITAMBE","89"
"ITAMBE DO MATO DENTRO","8"
"ITAMOGI","12"
"ITAMONTE","26"
"ITANAGRA","18"
"ITANHAEM","86"
"ITANHANDU","13"
"ITANHANGA","8"
"ITANHEM","48"
"ITANHOMI","34"
"ITAOBIM","30"
"ITAOCA","8"
"ITAOCARA","70"
"ITAPACI","12"
"ITAPAGE","66"
"ITAPAGIPE","44"
"ITAPARICA","32"
"ITAPE","17"
"ITAPEBI","29"
"ITAPECERICA","32"
"ITAPECERICA DA SERRA","124"
"ITAPECURU MIRIM","185"
"ITAPEMIRIM","55"
"ITAPERUNA","118"
"ITAPETIM","47"
"ITAPETINGA","70"
"ITAPETININGA","149"
"ITAPEVA","108"
"ITAPEVI","95"
"ITAPICURU","95"
"ITAPIPOCA","156"
"ITAPIRA","67"
"ITAPIRANGA","35"
"ITAPIRAPUA","17"
"ITAPIRAPUA PAULISTA","9"
"ITAPIRATINS","14"
"ITAPISSUMA","24"
"ITAPITANGA","35"
"ITAPIUNA","90"
"ITAPOLIS","35"
"ITAPORA","14"
"ITAPORA DO TOCANTINS","23"
"ITAPORANGA","95"
"ITAPORANGA D AJUDA","59"
"ITAPOROROCA","43"
"ITAPUA DO OESTE","12"
"ITAPUI","8"
"ITAPURA","4"
"ITAPURANGA","24"
"ITAQUAQUECETUBA","153"
"ITAQUARA","23"
"ITAQUIRAI","12"
"ITAQUITINGA","18"
"ITARANA","28"
"ITARANTIM","48"
"ITARARE","40"
"ITAREMA","104"
"ITARIRI","25"
"ITARUMA","5"
"ITATIAIA","26"
"ITATIAIUCU","9"
"ITATIBA","84"
"ITATIM","36"
"ITATINGA","14"
"ITATIRA","74"
"ITATUBA","31"
"ITAU","18"
"ITAU DE MINAS","15"
"ITAUBA","7"
"ITAUBAL","30"
"ITAUCU","15"
"ITAUEIRA","46"
"ITAUNA","70"
"ITAVERAVA","19"
"ITINGA","51"
"ITINGA DO MARANHAO","63"
"ITIQUIRA","10"
"ITIRAPINA","15"
"ITIRAPUA","5"
"ITIRUCU","33"
"ITIUBA","183"
"ITOBI","6"
"ITORORO","35"
"ITU","136"
"ITUACU","93"
"ITUBERA","57"
"ITUETA","32"
"ITUIUTABA","68"
"ITUMBIARA","72"
"ITUMIRIM","5"
"ITUPEVA","43"
"ITUPIRANGA","179"
"ITURAMA","55"
"ITUTINGA","13"
"ITUVERAVA","34"
"IUIU","38"
"IUNA","61"
"IVINHEMA","10"
"IVOLANDIA","4"
"JABOATAO DOS GUARARAPES","413"
"JABORANDI","26"
"JABOTICABAL","60"
"JABOTICATUBAS","36"
"JACANA","18"
"JACARACI","21"
"JACARAU","30"
"JACARE DOS HOMENS","16"
"JACAREACANGA","56"
"JACAREI","179"
"JACI","5"
"JACIARA","21"
"JACINTO","48"
"JACOBINA","128"
"JACOBINA DO PIAUI","40"
"JACUI","6"
"JACUIPE","17"
"JACUNDA","81"
"JACUPIRANGA","32"
"JACUTINGA","22"
"JAGUAQUARA","94"
"JAGUARACU","4"
"JAGUARARI","118"
"JAGUARE","55"
"JAGUARETAMA","63"
"JAGUARIBARA","22"
"JAGUARIBE","113"
"JAGUARIPE","58"
"JAGUARIUNA","51"
"JAGUARUANA","58"
"JAIBA","35"
"JAICOS","41"
"JALES","34"
"JAMBEIRO","4"
"JAMPRUCA","10"
"JANAUBA","67"
"JANDAIA","8"
"JANDAIRA","38"
"JANDIRA","75"
"JANDUIS","22"
"JANGADA","11"
"JANUARIA","185"
"JANUARIO CICCO","26"
"JAPARAIBA","5"
"JAPARATINGA","24"
"JAPARATUBA","43"
"JAPERI","50"
"JAPI","32"
"JAPOATA","32"
"JAPONVAR","17"
"JAPORA","5"
"JAPURA","39"
"JAQUEIRA","23"
"JARAGUA","33"
"JARAGUARI","6"
"JARAMATAIA","11"
"JARDIM","85"
"JARDIM DE ANGICOS","16"
"JARDIM DE PIRANHAS","38"
"JARDIM DO MULATO","21"
"JARDIM DO SERIDO","23"
"JARDINOPOLIS","32"
"JARINU","25"
"JARU","49"
"JATAI","71"
"JATAUBA","48"
"JATEI","4"
"JATI","38"
"JATOBA","52"
"JATOBA DO PIAUI","32"
"JAU","111"
"JAU DO TOCANTINS","19"
"JAUPACI","5"
"JAURU","15"
"JECEABA","15"
"JENIPAPO DE MINAS","16"
"JENIPAPO DOS VIEIRAS","100"
"JEQUERI","32"
"JEQUIA DA PRAIA","14"
"JEQUIE","180"
"JEQUITAI","19"
"JEQUITIBA","14"
"JEQUITINHONHA","88"
"JEREMOABO","134"
"JERICO","30"
"JERIQUARA","6"
"JERONIMO MONTEIRO","26"
"JERUMENHA","19"
"JESUANIA","10"
"JESUPOLIS","2"
"JI-PARANA","93"
"JIJOCA DE JERICOACOARA","29"
"JIQUIRICA","28"
"JITAUNA","62"
"JOAIMA","33"
"JOANESIA","19"
"JOANOPOLIS","15"
"JOAO ALFREDO","46"
"JOAO CAMARA","79"
"JOAO COSTA","17"
"JOAO DIAS","15"
"JOAO DOURADO","30"
"JOAO LISBOA","54"
"JOAO MONLEVADE","74"
"JOAO NEIVA","22"
"JOAO PESSOA","512"
"JOAO PINHEIRO","49"
"JOAO RAMALHO","3"
"JOAQUIM FELICIO","15"
"JOAQUIM GOMES","35"
"JOAQUIM NABUCO","29"
"JOAQUIM PIRES","44"
"JOCA CLAUDINO","10"
"JOCA MARQUES","19"
"JORDANIA","33"
"JORDAO","72"
"JOSE BONIFACIO","29"
"JOSE DA PENHA","19"
"JOSE DE FREITAS","119"
"JOSE GONCALVES DE MINAS","11"
"JOSE RAYDAN","11"
"JOSELANDIA","61"
"JOSENOPOLIS","30"
"JOVIANIA","8"
"JUARA","43"
"JUAREZ TAVORA","21"
"JUARINA","4"
"JUATUBA","25"
"JUAZEIRINHO","43"
"JUAZEIRO","193"
"JUAZEIRO DO NORTE","243"
"JUAZEIRO DO PIAUI","34"
"JUCAS","54"
"JUCATI","22"
"JUCURUCU","77"
"JUCURUTU","47"
"JUINA","42"
"JUIZ DE FORA","563"
"JULIO BORGES","23"
"JULIO MESQUITA","5"
"JUMIRIM","3"
"JUNCO DO MARANHAO","11"
"JUNCO DO SERIDO","14"
"JUNDIA","22"
"JUNDIAI","312"
"JUNQUEIRO","50"
"JUNQUEIROPOLIS","13"
"JUPI","27"
"JUQUIA","53"
"JUQUITIBA","32"
"JURAMENTO","15"
"JUREMA","61"
"JURIPIRANGA","15"
"JURU","41"
"JURUA","45"
"JURUAIA","11"
"JURUENA","19"
"JURUTI","161"
"JUSCIMEIRA","20"
"JUSSARA","64"
"JUSSARI","22"
"JUSSIAPE","46"
"JUTAI","115"
"JUTI","5"
"JUVENILIA","19"
"LABREA","185"
"LADAINHA","35"
"LADARIO","12"
"LAFAIETE COUTINHO","10"
"LAGAMAR","24"
"LAGARTO","128"
"LAGO DA PEDRA","101"
"LAGO DO JUNCO","39"
"LAGO DOS RODRIGUES","36"
"LAGO VERDE","40"
"LAGOA","30"
"LAGOA ALEGRE","20"
"LAGOA D ANTA","13"
"LAGOA DA CANOA","25"
"LAGOA DA CONFUSAO","28"
"LAGOA DA PRATA","49"
"LAGOA DE DENTRO","20"
"LAGOA DE ITAENGA","28"
"LAGOA DE PEDRAS","23"
"LAGOA DE SAO FRANCISCO","19"
"LAGOA DE VELHOS","9"
"LAGOA DO BARRO DO PIAUI","32"
"LAGOA DO CARRO","21"
"LAGOA DO MATO","21"
"LAGOA DO OURO","37"
"LAGOA DO PIAUI","23"
"LAGOA DO SITIO","24"
"LAGOA DO TOCANTINS","12"
"LAGOA DOS GATOS","49"
"LAGOA DOS PATOS","18"
"LAGOA DOURADA","17"
"LAGOA FORMOSA","25"
"LAGOA GRANDE","68"
"LAGOA GRANDE DO MARANHAO","31"
"LAGOA NOVA","30"
"LAGOA REAL","51"
"LAGOA SALGADA","19"
"LAGOA SANTA","47"
"LAGOA SECA","43"
"LAGOINHA","3"
"LAGOINHA DO PIAUI","10"
"LAGUNA CARAPA","7"
"LAJE","62"
"LAJE DO MURIAE","27"
"LAJEADO","4"
"LAJEADO NOVO","38"
"LAJEDAO","12"
"LAJEDINHO","28"
"LAJEDO","56"
"LAJEDO DO TABOCAL","22"
"LAJES","22"
"LAJES PINTADAS","22"
"LAJINHA","49"
"LAMARAO","24"
"LAMBARI","24"
"LAMBARI D OESTE","9"
"LAMIM","9"
"LANDRI SALES","22"
"LAPAO","38"
"LARANJA DA TERRA","39"
"LARANJAL","20"
"LARANJAL DO JARI","71"
"LARANJAL PAULISTA","24"
"LARANJEIRAS","30"
"LASSANCE","15"
"LASTRO","20"
"LAURO DE FREITAS","125"
"LAVANDEIRA","9"
"LAVINIA","8"
"LAVRAS","86"
"LAVRAS DA MANGABEIRA","62"
"LAVRINHAS","8"
"LEANDRO FERREIRA","5"
"LEME","71"
"LEME DO PRADO","14"
"LENCOIS","22"
"LENCOIS PAULISTA","55"
"LEOPOLDINA","63"
"LEOPOLDO DE BULHOES","15"
"LIBERDADE","12"
"LICINIO DE ALMEIDA","55"
"LIMA CAMPOS","36"
"LIMA DUARTE","58"
"LIMEIRA","196"
"LIMEIRA DO OESTE","28"
"LIMOEIRO","87"
"LIMOEIRO DE ANADIA","58"
"LIMOEIRO DO AJURU","71"
"LIMOEIRO DO NORTE","57"
"LINDOIA","6"
"LINHARES","141"
"LINS","73"
"LIVRAMENTO","28"
"LIVRAMENTO DE NOSSA SENHORA","110"
"LIZARDA","34"
"LOGRADOURO","10"
"LONTRA","17"
"LORENA","89"
"LORETO","39"
"LOURDES","4"
"LOUVEIRA","26"
"LUCAS DO RIO VERDE","28"
"LUCELIA","15"
"LUCENA","18"
"LUCIANOPOLIS","4"
"LUCIARA","8"
"LUCRECIA","8"
"LUIS ANTONIO","9"
"LUIS CORREIA","101"
"LUIS DOMINGUES","11"
"LUIS EDUARDO MAGALHAES","49"
"LUIS GOMES","33"
"LUISBURGO","12"
"LUISLANDIA","15"
"LUIZIANIA","6"
"LUMINARIAS","18"
"LUPERCIO","7"
"LUTECIA","2"
"LUZ","35"
"LUZIANIA","124"
"LUZILANDIA","74"
"LUZINOPOLIS","4"
"MACAE","199"
"MACAIBA","92"
"MACAJUBA","24"
"MACAMBIRA","17"
"MACAPA","315"
"MACAPARANA","37"
"MACARANI","35"
"MACATUBA","14"
"MACAU","52"
"MACAUBAL","4"
"MACAUBAS","166"
"MACEDONIA","3"
"MACEIO","541"
"MACHACALIS","8"
"MACHADINHO D OESTE","68"
"MACHADO","41"
"MACHADOS","21"
"MACUCO","14"
"MACURURE","58"
"MADALENA","58"
"MADEIRO","25"
"MADRE DE DEUS","14"
"MADRE DE DEUS DE MINAS","13"
"MAE D AGUA","20"
"MAE DO RIO","61"
"MAETINGA","27"
"MAGALHAES BARATA","29"
"MAGALHAES DE ALMEIDA","49"
"MAGDA","4"
"MAGE","154"
"MAIQUINIQUE","15"
"MAIRI","43"
"MAIRINQUE","45"
"MAIRIPORA","76"
"MAIRIPOTABA","2"
"MAJOR ISIDORO","30"
"MAJOR SALES","8"
"MALACACHETA","30"
"MALHADA","40"
"MALHADA DE PEDRAS","42"
"MALHADA DOS BOIS","9"
"MALHADOR","22"
"MALTA","14"
"MAMANGUAPE","61"
"MAMBAI","8"
"MAMONAS","12"
"MANACAPURU","211"
"MANAIRA","55"
"MANAQUIRI","67"
"MANARI","69"
"MANAUS","1030"
"MANCIO LIMA","61"
"MANDURI","8"
"MANGA","57"
"MANGARATIBA","46"
"MANHUACU","106"
"MANHUMIRIM","38"
"MANICORE","230"
"MANOEL EMIDIO","15"
"MANOEL URBANO","59"
"MANOEL VITORINO","65"
"MANSIDAO","66"
"MANTENA","23"
"MANTENOPOLIS","47"
"MAR DE ESPANHA","35"
"MAR VERMELHO","10"
"MARA ROSA","14"
"MARAA","132"
"MARABA","301"
"MARABA PAULISTA","7"
"MARACACUME","32"
"MARACAI","13"
"MARACAJU","29"
"MARACANA","133"
"MARACANAU","322"
"MARACAS","63"
"MARAGOGI","59"
"MARAGOGIPE","79"
"MARAIAL","21"
"MARAJA DO SENA","63"
"MARANGUAPE","112"
"MARANHAOZINHO","37"
"MARAPANIM","76"
"MARAPOAMA","4"
"MARATAIZES","50"
"MARAU","80"
"MARAVILHA","38"
"MARAVILHAS","8"
"MARCACAO","18"
"MARCELANDIA","18"
"MARCELINO VIEIRA","29"
"MARCIONILIO SOUZA","27"
"MARCO","56"
"MARCOLANDIA","20"
"MARCOS PARENTE","11"
"MARECHAL DEODORO","54"
"MARECHAL FLORIANO","26"
"MARECHAL THAUMATURGO","106"
"MARI","36"
"MARIA DA FE","18"
"MARIANA","71"
"MARIANOPOLIS DO TOCANTINS","7"
"MARIAPOLIS","4"
"MARIBONDO","28"
"MARICA","93"
"MARILAC","8"
"MARILANDIA","43"
"MARILIA","139"
"MARINOPOLIS","2"
"MARIO CAMPOS","9"
"MARIPA DE MINAS","4"
"MARITUBA","98"
"MARIZOPOLIS","12"
"MARLIERIA","12"
"MARMELOPOLIS","9"
"MARTINHO CAMPOS","16"
"MARTINOPOLE","26"
"MARTINOPOLIS","25"
"MARTINS","19"
"MARTINS SOARES","14"
"MARUIM","19"
"MARZAGAO","3"
"MASCOTE","49"
"MASSAPE","74"
"MASSAPE DO PIAUI","40"
"MASSARANDUBA","41"
"MATA DE SAO JOAO","43"
"MATA GRANDE","67"
"MATA ROMA","42"
"MATA VERDE","20"
"MATAO","56"
"MATARACA","7"
"MATEIROS","11"
"MATERLANDIA","13"
"MATEUS LEME","23"
"MATHIAS LOBATO","6"
"MATIAS BARBOSA","14"
"MATIAS CARDOSO","40"
"MATIAS OLIMPIO","28"
"MATINA","50"
"MATINHA","83"
"MATINHAS","17"
"MATIPO","36"
"MATO GROSSO","11"
"MATO VERDE","32"
"MATOES","73"
"MATOES DO NORTE","63"
"MATOZINHOS","35"
"MATRINCHA","4"
"MATRIZ DE CAMARAGIBE","31"
"MATUPA","18"
"MATUREIA","17"
"MATUTINA","10"
"MAUA","183"
"MAUES","197"
"MAURILANDIA","8"
"MAURILANDIA DO TOCANTINS","7"
"MAURITI","74"
"MAXARANGUAPE","19"
"MAZAGAO","89"
"MEDEIROS","9"
"MEDEIROS NETO","50"
"MEDICILANDIA","70"
"MEDINA","67"
"MELGACO","110"
"MENDES","28"
"MENDES PIMENTEL","26"
"MENDONCA","3"
"MERCES","30"
"MERIDIANO","6"
"MERUOCA","33"
"MESOPOLIS","2"
"MESQUITA","108"
"MESSIAS","12"
"MESSIAS TARGINO","12"
"MIGUEL ALVES","114"
"MIGUEL CALMON","94"
"MIGUEL LEAO","8"
"MIGUEL PEREIRA","41"
"MIGUELOPOLIS","18"
"MILAGRES","87"
"MILAGRES DO MARANHAO","26"
"MILHA","31"
"MILTON BRANDAO","46"
"MIMOSO DE GOIAS","18"
"MIMOSO DO SUL","99"
"MINACU","26"
"MINADOR DO NEGRAO","21"
"MINAS NOVAS","118"
"MINDURI","5"
"MINEIROS","54"
"MINEIROS DO TIETE","8"
"MINISTRO ANDREAZZA","8"
"MIRA ESTRELA","4"
"MIRABELA","31"
"MIRACATU","49"
"MIRACEMA","67"
"MIRACEMA DO TOCANTINS","48"
"MIRADOR","105"
"MIRADOURO","35"
"MIRAI","37"
"MIRAIMA","46"
"MIRANDA","22"
"MIRANDA DO NORTE","38"
"MIRANDIBA","59"
"MIRANDOPOLIS","30"
"MIRANGABA","46"
"MIRANORTE","31"
"MIRANTE","31"
"MIRANTE DA SERRA","14"
"MIRANTE DO PARANAPANEMA","23"
"MIRASSOL","45"
"MIRASSOL D OESTE","21"
"MIRASSOLANDIA","5"
"MIRAVANIA","25"
"MIRINZAL","36"
"MISSAO VELHA","100"
"MOCAJUBA","92"
"MOCOCA","51"
"MOEDA","11"
"MOEMA","12"
"MOGEIRO","32"
"MOGI DAS CRUZES","354"
"MOGI GUACU","128"
"MOIPORA","4"
"MOITA BONITA","21"
"MOJI MIRIM","66"
"MOJU","205"
"MOMBACA","100"
"MOMBUCA","6"
"MONCAO","118"
"MONCOES","3"
"MONGAGUA","63"
"MONJOLOS","20"
"MONSENHOR GIL","29"
"MONSENHOR HIPOLITO","27"
"MONSENHOR PAULO","14"
"MONSENHOR TABOSA","77"
"MONTADAS","10"
"MONTALVANIA","70"
"MONTANHA","31"
"MONTANHAS","16"
"MONTE ALEGRE","245"
"MONTE ALEGRE DE GOIAS","27"
"MONTE ALEGRE DE MINAS","30"
"MONTE ALEGRE DE SERGIPE","35"
"MONTE ALEGRE DO PIAUI","54"
"MONTE ALEGRE DO SUL","7"
"MONTE ALTO","35"
"MONTE APRAZIVEL","22"
"MONTE AZUL","65"
"MONTE AZUL PAULISTA","21"
"MONTE BELO","19"
"MONTE CARMELO","42"
"MONTE CASTELO","5"
"MONTE DAS GAMELEIRAS","14"
"MONTE DO CARMO","14"
"MONTE FORMOSO","16"
"MONTE HOREBE","20"
"MONTE MOR","48"
"MONTE NEGRO","12"
"MONTE SANTO","177"
"MONTE SANTO DE MINAS","17"
"MONTE SANTO DO TOCANTINS","16"
"MONTE SIAO","20"
"MONTEIRO","60"
"MONTEIRO LOBATO","13"
"MONTEIROPOLIS","22"
"MONTES ALTOS","40"
"MONTES CLAROS","368"
"MONTES CLAROS DE GOIAS","15"
"MONTEZUMA","21"
"MONTIVIDIU","19"
"MONTIVIDIU DO NORTE","9"
"MORADA NOVA","103"
"MORADA NOVA DE MINAS","14"
"MORAUJO","21"
"MOREILANDIA","49"
"MORENO","84"
"MORPARA","38"
"MORRINHOS","94"
"MORRO AGUDO","28"
"MORRO AGUDO DE GOIAS","3"
"MORRO CABECA NO TEMPO","28"
"MORRO DA GARCA","7"
"MORRO DO CHAPEU","103"
"MORRO DO CHAPEU DO PIAUI","26"
"MORRO DO PILAR","5"
"MORROS","112"
"MORTUGABA","48"
"MORUNGABA","19"
"MOSSAMEDES","7"
"MOSSORO","318"
"MOTUCA","5"
"MOZARLANDIA","11"
"MUANA","54"
"MUCAJAI","46"
"MUCAMBO","38"
"MUCUGE","46"
"MUCURI","58"
"MUCURICI","10"
"MULUNGU","59"
"MULUNGU DO MORRO","39"
"MUNDO NOVO","70"
"MUNHOZ","4"
"MUNIZ FERREIRA","22"
"MUNIZ FREIRE","63"
"MUQUEM DE SAO FRANCISCO","24"
"MUQUI","32"
"MURIAE","141"
"MURIBECA","14"
"MURICI","51"
"MURICI DOS PORTELAS","27"
"MURICILANDIA","12"
"MURITIBA","34"
"MURUTINGA DO SUL","3"
"MUTUIPE","45"
"MUTUM","75"
"MUTUNOPOLIS","5"
"MUZAMBINHO","27"
"NACIP RAYDAN","13"
"NANTES","3"
"NANUQUE","55"
"NAQUE","5"
"NARANDIBA","3"
"NATAL","579"
"NATALANDIA","10"
"NATERCIA","6"
"NATIVIDADE","73"
"NATIVIDADE DA SERRA","8"
"NATUBA","31"
"NAVIRAI","22"
"NAZARE","67"
"NAZARE DA MATA","36"
"NAZARE DO PIAUI","35"
"NAZARE PAULISTA","21"
"NAZARENO","10"
"NAZAREZINHO","30"
"NAZARIA","13"
"NAZARIO","8"
"NEOPOLIS","31"
"NEPOMUCENO","47"
"NEROPOLIS","18"
"NEVES PAULISTA","6"
"NHAMUNDA","83"
"NHANDEARA","14"
"NILO PECANHA","56"
"NILOPOLIS","110"
"NINA RODRIGUES","48"
"NINHEIRA","33"
"NIOAQUE","11"
"NIPOA","4"
"NIQUELANDIA","43"
"NISIA FLORESTA","48"
"NITEROI","373"
"NOBRES","15"
"NORDESTINA","58"
"NORMANDIA","76"
"NORTELANDIA","8"
"NOSSA SENHORA APARECIDA","26"
"NOSSA SENHORA DA GLORIA","69"
"NOSSA SENHORA DAS DORES","34"
"NOSSA SENHORA DE LOURDES","15"
"NOSSA SENHORA DE NAZARE","15"
"NOSSA SENHORA DO LIVRAMENTO","42"
"NOSSA SENHORA DO SOCORRO","135"
"NOSSA SENHORA DOS REMEDIOS","42"
"NOVA ALIANCA","7"
"NOVA ALVORADA DO SUL","12"
"NOVA AMERICA","5"
"NOVA ANDRADINA","38"
"NOVA AURORA","3"
"NOVA BANDEIRANTES","15"
"NOVA BELEM","18"
"NOVA BRASILANDIA","7"
"NOVA BRASILANDIA D OESTE","68"
"NOVA CAMPINA","12"
"NOVA CANAA","63"
"NOVA CANAA DO NORTE","12"
"NOVA CANAA PAULISTA","3"
"NOVA CASTILHO","3"
"NOVA COLINAS","16"
"NOVA CRIXAS","13"
"NOVA CRUZ","80"
"NOVA ERA","32"
"NOVA ESPERANCA DO PIRIA","68"
"NOVA EUROPA","7"
"NOVA FATIMA","27"
"NOVA FLORESTA","20"
"NOVA FRIBURGO","237"
"NOVA GLORIA","17"
"NOVA GRANADA","13"
"NOVA GUARITA","6"
"NOVA GUATAPORANGA","3"
"NOVA IBIA","36"
"NOVA IGUACU","400"
"NOVA IGUACU DE GOIAS","5"
"NOVA INDEPENDENCIA","4"
"NOVA IORQUE","11"
"NOVA IPIXUNA","43"
"NOVA ITARANA","10"
"NOVA LACERDA","8"
"NOVA LIMA","60"
"NOVA LUZITANIA","4"
"NOVA MAMORE","84"
"NOVA MARILANDIA","3"
"NOVA MARINGA","10"
"NOVA MODICA","18"
"NOVA MONTE VERDE","16"
"NOVA MUTUM","24"
"NOVA NAZARE","12"
"NOVA ODESSA","35"
"NOVA OLIMPIA","12"
"NOVA OLINDA","65"
"NOVA OLINDA DO MARANHAO","59"
"NOVA OLINDA DO NORTE","81"
"NOVA PALMEIRA","16"
"NOVA PONTE","17"
"NOVA PORTEIRINHA","13"
"NOVA REDENCAO","29"
"NOVA RESENDE","28"
"NOVA ROMA","14"
"NOVA ROSALANDIA","7"
"NOVA RUSSAS","78"
"NOVA SANTA HELENA","3"
"NOVA SANTA RITA","23"
"NOVA SERRANA","43"
"NOVA SOURE","65"
"NOVA TIMBOTEUA","33"
"NOVA UBIRATA","18"
"NOVA UNIAO","34"
"NOVA VENECIA","90"
"NOVA VENEZA","6"
"NOVA VICOSA","40"
"NOVA XAVANTINA","26"
"NOVAIS","3"
"NOVO ACORDO","7"
"NOVO AIRAO","37"
"NOVO ALEGRE","3"
"NOVO ARIPUANA","128"
"NOVO BRASIL","7"
"NOVO CRUZEIRO","47"
"NOVO GAMA","56"
"NOVO HORIZONTE","69"
"NOVO HORIZONTE DO NORTE","5"
"NOVO HORIZONTE DO OESTE","10"
"NOVO HORIZONTE DO SUL","4"
"NOVO JARDIM","8"
"NOVO LINO","27"
"NOVO MUNDO","31"
"NOVO ORIENTE","78"
"NOVO ORIENTE DE MINAS","25"
"NOVO ORIENTE DO PIAUI","25"
"NOVO PLANALTO","3"
"NOVO PROGRESSO","36"
"NOVO REPARTIMENTO","201"
"NOVO SANTO ANTONIO","20"
"NOVO SAO JOAQUIM","15"
"NOVO TRIUNFO","31"
"NOVORIZONTE","18"
"NUPORANGA","8"
"OBIDOS","128"
"OCARA","44"
"OCAUCU","5"
"OEIRAS","152"
"OEIRAS DO PARA","63"
"OIAPOQUE","56"
"OLARIA","13"
"OLEO","6"
"OLHO D AGUA","36"
"OLHO D AGUA DAS CUNHAS","46"
"OLHO D AGUA DAS FLORES","17"
"OLHO D AGUA DO CASADO","22"
"OLHO D AGUA DO PIAUI","9"
"OLHO D AGUA GRANDE","16"
"OLHO-D AGUA DO BORGES","13"
"OLHOS-D AGUA","28"
"OLIMPIA","51"
"OLIMPIO NORONHA","5"
"OLINDA","276"
"OLINDA NOVA DO MARANHAO","32"
"OLINDINA","66"
"OLIVEDOS","24"
"OLIVEIRA","53"
"OLIVEIRA DE FATIMA","2"
"OLIVEIRA DOS BREJINHOS","111"
"OLIVEIRA FORTES","5"
"OLIVENCA","39"
"ONCA DE PITANGUI","7"
"ONDA VERDE","5"
"ORATORIOS","4"
"ORIENTE","4"
"ORINDIUVA","4"
"ORIXIMINA","150"
"ORIZANIA","10"
"ORIZONA","17"
"ORLANDIA","34"
"OROBO","51"
"OROCO","46"
"OROS","38"
"OSASCO","375"
"OSCAR BRESSANE","3"
"OSVALDO CRUZ","35"
"OUREM","60"
"OURICANGAS","21"
"OURICURI","182"
"OURILANDIA DO NORTE","31"
"OURINHOS","74"
"OURO BRANCO","108"
"OURO FINO","31"
"OURO PRETO","97"
"OURO PRETO DO OESTE","35"
"OURO VELHO","17"
"OURO VERDE","6"
"OURO VERDE DE GOIAS","3"
"OURO VERDE DE MINAS","23"
"OUROESTE","7"
"OUROLANDIA","28"
"OUVIDOR","4"
"PACAEMBU","10"
"PACAJA","229"
"PACAJUS","84"
"PACARAIMA","51"
"PACATUBA","90"
"PACO DO LUMIAR","101"
"PACOTI","28"
"PACUJA","20"
"PADRE BERNARDO","32"
"PADRE CARVALHO","24"
"PADRE MARCOS","31"
"PADRE PARAISO","31"
"PAES LANDIM","14"
"PAI PEDRO","26"
"PAINEIRAS","10"
"PAINS","14"
"PAIVA","6"
"PAJEU DO PIAUI","12"
"PALESTINA","22"
"PALESTINA DE GOIAS","3"
"PALESTINA DO PARA","16"
"PALHANO","17"
"PALMA","26"
"PALMACIA","31"
"PALMARES","96"
"PALMARES PAULISTA","5"
"PALMAS","150"
"PALMAS DE MONTE ALTO","90"
"PALMEIRA D OESTE","9"
"PALMEIRA DO PIAUI","36"
"PALMEIRA DOS INDIOS","62"
"PALMEIRAIS","59"
"PALMEIRANDIA","61"
"PALMEIRANTE","24"
"PALMEIRAS","27"
"PALMEIRAS DE GOIAS","17"
"PALMEIRAS DO TOCANTINS","9"
"PALMEIRINA","27"
"PALMEIROPOLIS","7"
"PALMELO","5"
"PALMINOPOLIS","4"
"PALMITAL","19"
"PALMOPOLIS","31"
"PANAMA","3"
"PANCAS","71"
"PANELAS","82"
"PANORAMA","12"
"PAO DE ACUCAR","66"
"PAPAGAIOS","15"
"PAQUETA","19"
"PARA DE MINAS","67"
"PARACAMBI","37"
"PARACATU","73"
"PARACURU","46"
"PARAGOMINAS","111"
"PARAGUACU","25"
"PARAGUACU PAULISTA","37"
"PARAIBA DO SUL","70"
"PARAIBANO","53"
"PARAIBUNA","30"
"PARAIPABA","48"
"PARAISO","4"
"PARAISO DO TOCANTINS","47"
"PARAISOPOLIS","20"
"PARAMBU","112"
"PARAMIRIM","82"
"PARAMOTI","61"
"PARANA","111"
"PARANAIBA","22"
"PARANAIGUARA","5"
"PARANAITA","27"
"PARANAPANEMA","21"
"PARANAPUA","2"
"PARANATAMA","47"
"PARANATINGA","32"
"PARANHOS","10"
"PARAOPEBA","20"
"PARAPUA","9"
"PARARI","19"
"PARATINGA","99"
"PARATY","59"
"PARAU","18"
"PARAUAPEBAS","113"
"PARAUNA","18"
"PARAZINHO","6"
"PARDINHO","8"
"PARECIS","12"
"PARELHAS","41"
"PARICONHA","25"
"PARINTINS","215"
"PARIPIRANGA","22"
"PARIPUEIRA","7"
"PARIQUERA-ACU","23"
"PARISI","3"
"PARNAGUA","39"
"PARNAIBA","191"
"PARNAMIRIM","231"
"PARNARAMA","101"
"PASSA E FICA","23"
"PASSA QUATRO","25"
"PASSA TEMPO","13"
"PASSA-VINTE","9"
"PASSABEM","6"
"PASSAGEM","22"
"PASSAGEM FRANCA","54"
"PASSAGEM FRANCA DO PIAUI","14"
"PASSIRA","63"
"PASSO DE CAMARAGIBE","22"
"PASSOS","65"
"PASTOS BONS","35"
"PATIS","13"
"PATOS","128"
"PATOS DE MINAS","134"
"PATOS DO PIAUI","35"
"PATROCINIO","74"
"PATROCINIO DO MURIAE","13"
"PATROCINIO PAULISTA","7"
"PATU","34"
"PATY DO ALFERES","32"
"PAU BRASIL","34"
"PAU D ARCO","23"
"PAU D ARCO DO PIAUI","19"
"PAU DOS FERROS","55"
"PAUDALHO","47"
"PAUINI","96"
"PAULA CANDIDO","19"
"PAULICEIA","5"
"PAULINIA","78"
"PAULINO NEVES","88"
"PAULISTA","246"
"PAULISTANA","111"
"PAULISTANIA","4"
"PAULISTAS","13"
"PAULO AFONSO","98"
"PAULO DE FARIA","7"
"PAULO JACINTO","12"
"PAULO RAMOS","67"
"PAVAO","12"
"PAVUSSU","22"
"PE DE SERRA","45"
"PECANHA","38"
"PEDERNEIRAS","46"
"PEDRA","39"
"PEDRA AZUL","55"
"PEDRA BELA","12"
"PEDRA BONITA","12"
"PEDRA BRANCA","131"
"PEDRA BRANCA DO AMAPARI","27"
"PEDRA DO ANTA","6"
"PEDRA DO INDAIA","23"
"PEDRA DOURADA","3"
"PEDRA GRANDE","8"
"PEDRA LAVRADA","47"
"PEDRA MOLE","11"
"PEDRA PRETA","35"
"PEDRALVA","23"
"PEDRANOPOLIS","2"
"PEDRAO","22"
"PEDRAS DE FOGO","37"
"PEDRAS DE MARIA DA CRUZ","23"
"PEDREGULHO","26"
"PEDREIRA","37"
"PEDREIRAS","71"
"PEDRINHAS","10"
"PEDRINHAS PAULISTA","4"
"PEDRINOPOLIS","14"
"PEDRO AFONSO","33"
"PEDRO ALEXANDRE","69"
"PEDRO AVELINO","24"
"PEDRO CANARIO","26"
"PEDRO DE TOLEDO","20"
"PEDRO DO ROSARIO","108"
"PEDRO GOMES","7"
"PEDRO II","141"
"PEDRO LAURENTINO","17"
"PEDRO LEOPOLDO","64"
"PEDRO REGIS","12"
"PEDRO TEIXEIRA","8"
"PEDRO VELHO","41"
"PEIXE","19"
"PEIXE-BOI","31"
"PEIXOTO DE AZEVEDO","25"
"PENAFORTE","23"
"PENALVA","103"
"PENAPOLIS","68"
"PENDENCIAS","33"
"PENEDO","56"
"PENTECOSTE","62"
"PEQUERI","4"
"PEQUI","6"
"PEQUIZEIRO","6"
"PERDIGAO","5"
"PERDIZES","18"
"PERDOES","25"
"PEREIRA BARRETO","24"
"PEREIRAS","8"
"PEREIRO","31"
"PERI MIRIM","47"
"PERIQUITO","14"
"PERITORO","78"
"PEROLANDIA","4"
"PERUIBE","69"
"PESCADOR","7"
"PESQUEIRA","122"
"PETROLANDIA","61"
"PETROLINA","348"
"PETROLINA DE GOIAS","10"
"PETROPOLIS","289"
"PIACABUCU","18"
"PIACATU","4"
"PIANCO","69"
"PIATA","24"
"PIAU","11"
"PICARRA","36"
"PICOS","144"
"PICUI","61"
"PIEDADE","48"
"PIEDADE DE CARATINGA","5"
"PIEDADE DE PONTE NOVA","4"
"PIEDADE DO RIO GRANDE","6"
"PIEDADE DOS GERAIS","18"
"PILAO ARCADO","193"
"PILAR","50"
"PILAR DE GOIAS","14"
"PILAR DO SUL","22"
"PILOES","46"
"PILOEZINHOS","20"
"PIMENTA","6"
"PIMENTA BUENO","40"
"PIMENTEIRAS","48"
"PIMENTEIRAS DO OESTE","3"
"PINDAI","76"
"PINDAMONHANGABA","138"
"PINDARE-MIRIM","63"
"PINDOBA","16"
"PINDOBACU","54"
"PINDORAMA","12"
"PINDORAMA DO TOCANTINS","13"
"PINDORETAMA","24"
"PINGO-D AGUA","5"
"PINHALZINHO","19"
"PINHAO","14"
"PINHEIRAL","30"
"PINHEIRO","180"
"PINHEIROS","35"
"PINTADAS","19"
"PINTOPOLIS","21"
"PIO IX","74"
"PIO XII","66"
"PIQUEROBI","3"
"PIQUET CARNEIRO","19"
"PIQUETE","14"
"PIRACAIA","28"
"PIRACANJUBA","28"
"PIRACEMA","8"
"PIRACICABA","323"
"PIRACURUCA","104"
"PIRAI","42"
"PIRAI DO NORTE","46"
"PIRAJU","40"
"PIRAJUBA","7"
"PIRAJUI","25"
"PIRAMBU","12"
"PIRANGA","37"
"PIRANGI","6"
"PIRANGUCU","10"
"PIRANGUINHO","13"
"PIRANHAS","35"
"PIRAPEMAS","71"
"PIRAPETINGA","18"
"PIRAPORA","62"
"PIRAPORA DO BOM JESUS","19"
"PIRAPOZINHO","26"
"PIRAQUE","14"
"PIRASSUNUNGA","76"
"PIRATININGA","10"
"PIRAUBA","16"
"PIRENOPOLIS","35"
"PIRES DO RIO","35"
"PIRES FERREIRA","31"
"PIRIPA","30"
"PIRIPIRI","102"
"PIRITIBA","45"
"PIRPIRITUBA","23"
"PITANGUEIRAS","24"
"PITANGUI","28"
"PITIMBU","26"
"PIUM","21"
"PIUMA","21"
"PIUMHI","26"
"PLACAS","98"
"PLACIDO DE CASTRO","55"
"PLANALTINA","64"
"PLANALTINO","31"
"PLANALTO","58"
"PLANALTO DA SERRA","4"
"PLANURA","12"
"PLATINA","4"
"POA","99"
"POCAO","17"
"POCAO DE PEDRAS","91"
"POCINHOS","48"
"POCO BRANCO","25"
"POCO DANTAS","18"
"POCO DAS TRINCHEIRAS","35"
"POCO DE JOSE DE MOURA","27"
"POCO FUNDO","23"
"POCO REDONDO","77"
"POCO VERDE","58"
"POCOES","72"
"POCONE","83"
"POCOS DE CALDAS","116"
"POCRANE","21"
"POJUCA","38"
"POLONI","5"
"POMBAL","93"
"POMBOS","76"
"POMPEIA","17"
"POMPEU","32"
"PONGAI","3"
"PONTA DE PEDRAS","85"
"PONTA PORA","56"
"PONTAL","29"
"PONTAL DO ARAGUAIA","4"
"PONTALINA","16"
"PONTALINDA","3"
"PONTE ALTA DO BOM JESUS","28"
"PONTE ALTA DO TOCANTINS","29"
"PONTE BRANCA","4"
"PONTE NOVA","53"
"PONTES E LACERDA","25"
"PONTES GESTAL","2"
"PONTO BELO","12"
"PONTO CHIQUE","13"
"PONTO DOS VOLANTES","35"
"PONTO NOVO","66"
"POPULINA","4"
"PORANGA","47"
"PORANGABA","6"
"PORANGATU","48"
"PORCIUNCULA","54"
"PORTALEGRE","22"
"PORTEIRAO","3"
"PORTEIRAS","76"
"PORTEIRINHA","113"
"PORTEL","243"
"PORTELANDIA","4"
"PORTO","32"
"PORTO ACRE","55"
"PORTO ALEGRE DO NORTE","14"
"PORTO ALEGRE DO PIAUI","13"
"PORTO ALEGRE DO TOCANTINS","14"
"PORTO CALVO","41"
"PORTO DA FOLHA","87"
"PORTO DE MOZ","146"
"PORTO DE PEDRAS","30"
"PORTO DO MANGUE","7"
"PORTO DOS GAUCHOS","9"
"PORTO ESPERIDIAO","12"
"PORTO ESTRELA","7"
"PORTO FELIZ","45"
"PORTO FERREIRA","41"
"PORTO FIRME","21"
"PORTO FRANCO","58"
"PORTO GRANDE","33"
"PORTO MURTINHO","11"
"PORTO NACIONAL","92"
"PORTO REAL","13"
"PORTO REAL DO COLEGIO","42"
"PORTO RICO DO MARANHAO","17"
"PORTO SEGURO","163"
"PORTO VELHO","339"
"PORTO WALTER","56"
"POSSE","49"
"POTE","42"
"POTENGI","35"
"POTIM","15"
"POTIRAGUA","30"
"POTIRENDABA","8"
"POTIRETAMA","23"
"POUSO ALEGRE","100"
"POUSO ALTO","10"
"POXOREO","23"
"PRACINHA","4"
"PRACUUBA","13"
"PRADO","50"
"PRADOPOLIS","12"
"PRADOS","20"
"PRAIA GRANDE","159"
"PRAIA NORTE","21"
"PRAINHA","171"
"PRATA","42"
"PRATA DO PIAUI","14"
"PRATANIA","6"
"PRATAPOLIS","12"
"PRATINHA","10"
"PRESIDENTE ALVES","7"
"PRESIDENTE BERNARDES","33"
"PRESIDENTE DUTRA","93"
"PRESIDENTE EPITACIO","34"
"PRESIDENTE FIGUEIREDO","45"
"PRESIDENTE JANIO QUADROS","60"
"PRESIDENTE JUSCELINO","85"
"PRESIDENTE KENNEDY","28"
"PRESIDENTE KUBITSCHEK","12"
"PRESIDENTE MEDICI","63"
"PRESIDENTE OLEGARIO","28"
"PRESIDENTE PRUDENTE","156"
"PRESIDENTE SARNEY","60"
"PRESIDENTE TANCREDO NEVES","72"
"PRESIDENTE VARGAS","66"
"PRESIDENTE VENCESLAU","33"
"PRIMAVERA","55"
"PRIMAVERA DE RONDONIA","5"
"PRIMAVERA DO LESTE","44"
"PRIMEIRA CRUZ","80"
"PRINCESA ISABEL","48"
"PROFESSOR JAMIL","5"
"PROMISSAO","37"
"PROPRIA","35"
"PRUDENTE DE MORAIS","10"
"PUGMIL","7"
"PUREZA","20"
"PUXINANA","34"
"QUADRA","3"
"QUARTEL GERAL","6"
"QUATA","11"
"QUATIPURU","17"
"QUATIS","19"
"QUEBRANGULO","30"
"QUEIMADA NOVA","34"
"QUEIMADAS","141"
"QUEIMADOS","61"
"QUEIROZ","4"
"QUELUZ","9"
"QUELUZITO","7"
"QUERENCIA","15"
"QUIJINGUE","79"
"QUINTANA","4"
"QUIPAPA","42"
"QUIRINOPOLIS","39"
"QUISSAMA","25"
"QUITERIANOPOLIS","104"
"QUIXABA","42"
"QUIXABEIRA","25"
"QUIXADA","189"
"QUIXELO","43"
"QUIXERAMOBIM","198"
"QUIXERE","32"
"RAFAEL FERNANDES","17"
"RAFAEL GODEIRO","26"
"RAFAEL JAMBEIRO","45"
"RAFARD","7"
"RANCHARIA","32"
"RAPOSA","28"
"RAPOSOS","15"
"RAUL SOARES","30"
"RECIFE","1477"
"RECREIO","17"
"RECURSOLANDIA","23"
"REDENCAO","125"
"REDENCAO DA SERRA","3"
"REDENCAO DO GURGUEIA","19"
"REDUTO","10"
"REGENERACAO","45"
"REGENTE FEIJO","22"
"REGINOPOLIS","7"
"REGISTRO","79"
"REMANSO","148"
"REMIGIO","35"
"RERIUTABA","46"
"RESENDE","100"
"RESENDE COSTA","21"
"RESERVA DO CABACAL","2"
"RESPLENDOR","64"
"RESSAQUINHA","11"
"RESTINGA","5"
"RETIROLANDIA","25"
"RIACHAO","70"
"RIACHAO DAS NEVES","83"
"RIACHAO DO BACAMARTE","13"
"RIACHAO DO DANTAS","49"
"RIACHAO DO JACUIPE","67"
"RIACHAO DO POCO","9"
"RIACHINHO","40"
"RIACHO DA CRUZ","8"
"RIACHO DAS ALMAS","52"
"RIACHO DE SANTANA","56"
"RIACHO DE SANTO ANTONIO","8"
"RIACHO DOS CAVALOS","39"
"RIACHO DOS MACHADOS","29"
"RIACHO FRIO","30"
"RIACHUELO","45"
"RIALMA","7"
"RIANAPOLIS","4"
"RIBAMAR FIQUENE","26"
"RIBAS DO RIO PARDO","12"
"RIBEIRA","11"
"RIBEIRA DO AMPARO","47"
"RIBEIRA DO PIAUI","26"
"RIBEIRA DO POMBAL","68"
"RIBEIRAO","61"
"RIBEIRAO BONITO","13"
"RIBEIRAO BRANCO","30"
"RIBEIRAO CASCALHEIRA","23"
"RIBEIRAO CORRENTE","4"
"RIBEIRAO DAS NEVES","158"
"RIBEIRAO DO LARGO","57"
"RIBEIRAO DO SUL","3"
"RIBEIRAO DOS INDIOS","4"
"RIBEIRAO GRANDE","23"
"RIBEIRAO PIRES","91"
"RIBEIRAO PRETO","433"
"RIBEIRAO VERMELHO","6"
"RIBEIRAOZINHO","4"
"RIBEIRO GONCALVES","51"
"RIBEIROPOLIS","41"
"RIFAINA","3"
"RINCAO","13"
"RINOPOLIS","8"
"RIO ACIMA","9"
"RIO BANANAL","43"
"RIO BONITO","69"
"RIO BRANCO","295"
"RIO BRILHANTE","24"
"RIO CASCA","13"
"RIO CLARO","161"
"RIO CRESPO","5"
"RIO DA CONCEICAO","4"
"RIO DAS FLORES","37"
"RIO DAS OSTRAS","75"
"RIO DAS PEDRAS","28"
"RIO DE CONTAS","39"
"RIO DE JANEIRO","3934"
"RIO DO ANTONIO","27"
"RIO DO FOGO","18"
"RIO DO PIRES","39"
"RIO DO PRADO","32"
"RIO DOCE","7"
"RIO DOS BOIS","12"
"RIO ESPERA","13"
"RIO FORMOSO","31"
"RIO GRANDE DA SERRA","26"
"RIO GRANDE DO PIAUI","25"
"RIO LARGO","57"
"RIO MANSO","15"
"RIO MARIA","19"
"RIO NEGRO","5"
"RIO NOVO","16"
"RIO NOVO DO SUL","29"
"RIO PARANAIBA","33"
"RIO PARDO DE MINAS","35"
"RIO PIRACICABA","44"
"RIO POMBA","26"
"RIO PRETO","14"
"RIO PRETO DA EVA","27"
"RIO QUENTE","2"
"RIO REAL","81"
"RIO SONO","46"
"RIO TINTO","42"
"RIO VERDE","133"
"RIO VERDE DE MATO GROSSO","13"
"RIO VERMELHO","48"
"RIOLANDIA","8"
"RITAPOLIS","15"
"RIVERSUL","7"
"ROCHEDO","5"
"ROCHEDO DE MINAS","5"
"RODEIRO","9"
"RODELAS","22"
"RODOLFO FERNANDES","15"
"RODRIGUES ALVES","89"
"ROLIM DE MOURA","31"
"ROMARIA","6"
"RONDOLANDIA","19"
"RONDON DO PARA","57"
"RONDONOPOLIS","131"
"RORAINOPOLIS","60"
"ROSANA","27"
"ROSARIO","88"
"ROSARIO DA LIMEIRA","10"
"ROSARIO DO CATETE","8"
"ROSARIO OESTE","38"
"ROSEIRA","16"
"ROTEIRO","5"
"RUBELITA","43"
"RUBIACEA","6"
"RUBIATABA","28"
"RUBIM","30"
"RUBINEIA","2"
"RUROPOLIS","103"
"RUSSAS","87"
"RUY BARBOSA","119"
"SABARA","85"
"SABINO","5"
"SABINOPOLIS","29"
"SABOEIRO","58"
"SACRAMENTO","71"
"SAGRES","3"
"SAIRE","29"
"SALES","4"
"SALES OLIVEIRA","6"
"SALESOPOLIS","28"
"SALGADINHO","35"
"SALGADO","46"
"SALGADO DE SAO FELIX","37"
"SALGUEIRO","86"
"SALINAS","107"
"SALINAS DA MARGARIDA","27"
"SALINOPOLIS","43"
"SALITRE","37"
"SALMOURAO","3"
"SALOA","52"
"SALTINHO","5"
"SALTO","45"
"SALTO DA DIVISA","22"
"SALTO DE PIRAPORA","33"
"SALTO DO CEU","5"
"SALTO GRANDE","6"
"SALVADOR","1439"
"SALVATERRA","50"
"SAMBAIBA","32"
"SAMPAIO","8"
"SANCLERLANDIA","8"
"SANDOLANDIA","7"
"SANDOVALINA","3"
"SANHARO","39"
"SANTA ADELIA","15"
"SANTA ALBERTINA","3"
"SANTA BARBARA","87"
"SANTA BARBARA D OESTE","108"
"SANTA BARBARA DE GOIAS","5"
"SANTA BARBARA DO LESTE","10"
"SANTA BARBARA DO MONTE VERDE","27"
"SANTA BARBARA DO PARA","25"
"SANTA BARBARA DO TUGURIO","12"
"SANTA BRANCA","14"
"SANTA BRIGIDA","52"
"SANTA CARMEM","3"
"SANTA CECILIA","28"
"SANTA CLARA D OESTE","2"
"SANTA CRUZ","141"
"SANTA CRUZ CABRALIA","45"
"SANTA CRUZ DA BAIXA VERDE","22"
"SANTA CRUZ DA CONCEICAO","5"
"SANTA CRUZ DA ESPERANCA","3"
"SANTA CRUZ DA VITORIA","13"
"SANTA CRUZ DAS PALMEIRAS","19"
"SANTA CRUZ DE GOIAS","6"
"SANTA CRUZ DE MINAS","3"
"SANTA CRUZ DE SALINAS","17"
"SANTA CRUZ DO ARARI","21"
"SANTA CRUZ DO CAPIBARIBE","59"
"SANTA CRUZ DO ESCALVADO","13"
"SANTA CRUZ DO PIAUI","16"
"SANTA CRUZ DO RIO PARDO","47"
"SANTA CRUZ DO XINGU","4"
"SANTA CRUZ DOS MILAGRES","16"
"SANTA EFIGENIA DE MINAS","13"
"SANTA ERNESTINA","5"
"SANTA FE DE GOIAS","6"
"SANTA FE DE MINAS","25"
"SANTA FE DO ARAGUAIA","16"
"SANTA FE DO SUL","29"
"SANTA FILOMENA","105"
"SANTA FILOMENA DO MARANHAO","32"
"SANTA GERTRUDES","17"
"SANTA HELENA","148"
"SANTA HELENA DE GOIAS","25"
"SANTA HELENA DE MINAS","9"
"SANTA INES","138"
"SANTA ISABEL","62"
"SANTA ISABEL DO PARA","67"
"SANTA ISABEL DO RIO NEGRO","65"
"SANTA JULIANA","25"
"SANTA LEOPOLDINA","35"
"SANTA LUCIA","5"
"SANTA LUZ","13"
"SANTA LUZIA","389"
"SANTA LUZIA D OESTE","9"
"SANTA LUZIA DO ITANHY","32"
"SANTA LUZIA DO NORTE","12"
"SANTA LUZIA DO PARA","44"
"SANTA LUZIA DO PARUA","67"
"SANTA MARGARIDA","38"
"SANTA MARIA","11"
"SANTA MARIA DA BOA VISTA","101"
"SANTA MARIA DA SERRA","3"
"SANTA MARIA DA VITORIA","88"
"SANTA MARIA DAS BARREIRAS","39"
"SANTA MARIA DE ITABIRA","30"
"SANTA MARIA DE JETIBA","66"
"SANTA MARIA DO CAMBUCA","30"
"SANTA MARIA DO PARA","66"
"SANTA MARIA DO SALTO","18"
"SANTA MARIA DO SUACUI","26"
"SANTA MARIA DO TOCANTINS","20"
"SANTA MARIA MADALENA","50"
"SANTA MERCEDES","5"
"SANTA QUITERIA","136"
"SANTA QUITERIA DO MARANHAO","108"
"SANTA RITA","211"
"SANTA RITA D OESTE","3"
"SANTA RITA DE CALDAS","29"
"SANTA RITA DE CASSIA","87"
"SANTA RITA DE IBITIPOCA","12"
"SANTA RITA DE JACUTINGA","32"
"SANTA RITA DE MINAS","5"
"SANTA RITA DO ARAGUAIA","5"
"SANTA RITA DO ITUETO","24"
"SANTA RITA DO NOVO DESTINO","5"
"SANTA RITA DO PARDO","6"
"SANTA RITA DO PASSA QUATRO","28"
"SANTA RITA DO SAPUCAI","31"
"SANTA RITA DO TOCANTINS","13"
"SANTA RITA DO TRIVELATO","4"
"SANTA ROSA DA SERRA","6"
"SANTA ROSA DE GOIAS","2"
"SANTA ROSA DE LIMA","12"
"SANTA ROSA DE VITERBO","23"
"SANTA ROSA DO PIAUI","16"
"SANTA ROSA DO PURUS","55"
"SANTA ROSA DO TOCANTINS","18"
"SANTA SALETE","2"
"SANTA TERESA","33"
"SANTA TERESINHA","59"
"SANTA TEREZA DE GOIAS","6"
"SANTA TEREZA DO TOCANTINS","7"
"SANTA TEREZINHA","44"
"SANTA TEREZINHA DE GOIAS","15"
"SANTA TEREZINHA DO TOCANTINS","9"
"SANTA VITORIA","22"
"SANTALUZ","64"
"SANTANA","164"
"SANTANA DA PONTE PENSA","2"
"SANTANA DA VARGEM","12"
"SANTANA DE CATAGUASES","13"
"SANTANA DE MANGUEIRA","41"
"SANTANA DE PARNAIBA","80"
"SANTANA DE PIRAPAMA","31"
"SANTANA DO ACARAU","76"
"SANTANA DO ARAGUAIA","35"
"SANTANA DO CARIRI","42"
"SANTANA DO DESERTO","15"
"SANTANA DO GARAMBEU","4"
"SANTANA DO IPANEMA","69"
"SANTANA DO JACARE","4"
"SANTANA DO MANHUACU","38"
"SANTANA DO MARANHAO","25"
"SANTANA DO MATOS","47"
"SANTANA DO MUNDAU","35"
"SANTANA DO PARAISO","20"
"SANTANA DO PIAUI","14"
"SANTANA DO RIACHO","24"
"SANTANA DO SAO FRANCISCO","8"
"SANTANA DO SERIDO","10"
"SANTANA DOS GARROTES","16"
"SANTANA DOS MONTES","14"
"SANTANOPOLIS","33"
"SANTAREM","603"
"SANTAREM NOVO","25"
"SANTO AFONSO","4"
"SANTO AMARO","92"
"SANTO AMARO DAS BROTAS","18"
"SANTO AMARO DO MARANHAO","54"
"SANTO ANASTACIO","16"
"SANTO ANDRE","489"
"SANTO ANTONIO","43"
"SANTO ANTONIO DA ALEGRIA","5"
"SANTO ANTONIO DA BARRA","6"
"SANTO ANTONIO DE GOIAS","4"
"SANTO ANTONIO DE JESUS","102"
"SANTO ANTONIO DE LISBOA","16"
"SANTO ANTONIO DE PADUA","96"
"SANTO ANTONIO DE POSSE","23"
"SANTO ANTONIO DO AMPARO","34"
"SANTO ANTONIO DO ARACANGUA","7"
"SANTO ANTONIO DO AVENTUREIRO","5"
"SANTO ANTONIO DO DESCOBERTO","55"
"SANTO ANTONIO DO GRAMA","4"
"SANTO ANTONIO DO ICA","36"
"SANTO ANTONIO DO ITAMBE","13"
"SANTO ANTONIO DO JACINTO","42"
"SANTO ANTONIO DO JARDIM","6"
"SANTO ANTONIO DO LESTE","7"
"SANTO ANTONIO DO LEVERGER","53"
"SANTO ANTONIO DO MONTE","59"
"SANTO ANTONIO DO PINHAL","13"
"SANTO ANTONIO DO RETIRO","6"
"SANTO ANTONIO DO RIO ABAIXO","5"
"SANTO ANTONIO DO TAUA","65"
"SANTO ANTONIO DOS LOPES","56"
"SANTO ANTONIO DOS MILAGRES","10"
"SANTO ESTEVAO","59"
"SANTO EXPEDITO","4"
"SANTO HIPOLITO","12"
"SANTO INACIO DO PIAUI","15"
"SANTOPOLIS DO AGUAPEI","5"
"SANTOS","358"
"SANTOS DUMONT","69"
"SAO BENEDITO","119"
"SAO BENEDITO DO RIO PRETO","71"
"SAO BENEDITO DO SUL","32"
"SAO BENTINHO","10"
"SAO BENTO","154"
"SAO BENTO ABADE","5"
"SAO BENTO DO NORTE","21"
"SAO BENTO DO SAPUCAI","11"
"SAO BENTO DO TOCANTINS","10"
"SAO BENTO DO TRAIRI","19"
"SAO BENTO DO UNA","86"
"SAO BERNARDO","74"
"SAO BERNARDO DO CAMPO","424"
"SAO BRAS","13"
"SAO BRAS DO SUACUI","7"
"SAO BRAZ DO PIAUI","14"
"SAO CAETANO DE ODIVELAS","60"
"SAO CAETANO DO SUL","113"
"SAO CAITANO","62"
"SAO CARLOS","160"
"SAO CRISTOVAO","80"
"SAO DESIDERIO","49"
"SAO DOMINGOS","79"
"SAO DOMINGOS DAS DORES","7"
"SAO DOMINGOS DO ARAGUAIA","54"
"SAO DOMINGOS DO AZEITAO","14"
"SAO DOMINGOS DO CAPIM","141"
"SAO DOMINGOS DO CARIRI","20"
"SAO DOMINGOS DO MARANHAO","66"
"SAO DOMINGOS DO NORTE","26"
"SAO DOMINGOS DO PRATA","47"
"SAO FELIPE","20"
"SAO FELIPE D OESTE","4"
"SAO FELIX","33"
"SAO FELIX DE BALSAS","27"
"SAO FELIX DE MINAS","12"
"SAO FELIX DO ARAGUAIA","12"
"SAO FELIX DO CORIBE","15"
"SAO FELIX DO PIAUI","18"
"SAO FELIX DO TOCANTINS","13"
"SAO FELIX DO XINGU","140"
"SAO FERNANDO","17"
"SAO FIDELIS","89"
"SAO FRANCISCO","113"
"SAO FRANCISCO DE ASSIS DO PIAUI","25"
"SAO FRANCISCO DE GOIAS","4"
"SAO FRANCISCO DE ITABAPOANA","105"
"SAO FRANCISCO DE PAULA","16"
"SAO FRANCISCO DE SALES","26"
"SAO FRANCISCO DO BREJAO","22"
"SAO FRANCISCO DO CONDE","58"
"SAO FRANCISCO DO GLORIA","10"
"SAO FRANCISCO DO GUAPORE","16"
"SAO FRANCISCO DO MARANHAO","61"
"SAO FRANCISCO DO OESTE","10"
"SAO FRANCISCO DO PARA","48"
"SAO FRANCISCO DO PIAUI","32"
"SAO GABRIEL","73"
"SAO GABRIEL DA CACHOEIRA","286"
"SAO GABRIEL DA PALHA","52"
"SAO GABRIEL DO OESTE","17"
"SAO GERALDO","13"
"SAO GERALDO DA PIEDADE","14"
"SAO GERALDO DO ARAGUAIA","92"
"SAO GERALDO DO BAIXIO","14"
"SAO GONCALO","483"
"SAO GONCALO DO ABAETE","19"
"SAO GONCALO DO AMARANTE","151"
"SAO GONCALO DO GURGUEIA","13"
"SAO GONCALO DO PARA","13"
"SAO GONCALO DO PIAUI","13"
"SAO GONCALO DO RIO ABAIXO","26"
"SAO GONCALO DO RIO PRETO","12"
"SAO GONCALO DO SAPUCAI","35"
"SAO GONCALO DOS CAMPOS","53"
"SAO GOTARDO","35"
"SAO JOAO","52"
"SAO JOAO BATISTA","87"
"SAO JOAO BATISTA DO GLORIA","4"
"SAO JOAO D ALIANCA","20"
"SAO JOAO DA BALIZA","18"
"SAO JOAO DA BARRA","50"
"SAO JOAO DA BOA VISTA","84"
"SAO JOAO DA CANABRAVA","25"
"SAO JOAO DA FRONTEIRA","42"
"SAO JOAO DA LAGOA","17"
"SAO JOAO DA MATA","3"
"SAO JOAO DA PARAUNA","2"
"SAO JOAO DA PONTA","14"
"SAO JOAO DA PONTE","85"
"SAO JOAO DA SERRA","57"
"SAO JOAO DA VARJOTA","23"
"SAO JOAO DAS DUAS PONTES","2"
"SAO JOAO DAS MISSOES","16"
"SAO JOAO DE IRACEMA","4"
"SAO JOAO DE MERITI","280"
"SAO JOAO DE PIRABAS","39"
"SAO JOAO DEL REI","104"
"SAO JOAO DO ARAGUAIA","39"
"SAO JOAO DO ARRAIAL","26"
"SAO JOAO DO CARIRI","25"
"SAO JOAO DO CARU","112"
"SAO JOAO DO JAGUARIBE","34"
"SAO JOAO DO MANHUACU","17"
"SAO JOAO DO MANTENINHA","17"
"SAO JOAO DO ORIENTE","8"
"SAO JOAO DO PACUI","10"
"SAO JOAO DO PARAISO","173"
"SAO JOAO DO PAU D ALHO","3"
"SAO JOAO DO PIAUI","48"
"SAO JOAO DO RIO DO PEIXE","67"
"SAO JOAO DO SABUGI","15"
"SAO JOAO DO SOTER","74"
"SAO JOAO DO TIGRE","20"
"SAO JOAO DOS PATOS","43"
"SAO JOAO EVANGELISTA","20"
"SAO JOAO NEPOMUCENO","50"
"SAO JOAQUIM DA BARRA","41"
"SAO JOAQUIM DE BICAS","25"
"SAO JOAQUIM DO MONTE","42"
"SAO JOSE DA BARRA","7"
"SAO JOSE DA BELA VISTA","6"
"SAO JOSE DA COROA GRANDE","28"
"SAO JOSE DA LAGOA TAPADA","26"
"SAO JOSE DA LAJE","43"
"SAO JOSE DA LAPA","13"
"SAO JOSE DA SAFIRA","7"
"SAO JOSE DA TAPERA","67"
"SAO JOSE DA VARGINHA","8"
"SAO JOSE DA VITORIA","11"
"SAO JOSE DE CAIANA","44"
"SAO JOSE DE ESPINHARAS","52"
"SAO JOSE DE MIPIBU","53"
"SAO JOSE DE PIRANHAS","78"
"SAO JOSE DE PRINCESA","23"
"SAO JOSE DE RIBAMAR","174"
"SAO JOSE DE UBA","19"
"SAO JOSE DO ALEGRE","4"
"SAO JOSE DO BARREIRO","15"
"SAO JOSE DO BELMONTE","87"
"SAO JOSE DO BONFIM","22"
"SAO JOSE DO BREJO DO CRUZ","15"
"SAO JOSE DO CALCADO","49"
"SAO JOSE DO CAMPESTRE","34"
"SAO JOSE DO DIVINO","36"
"SAO JOSE DO EGITO","39"
"SAO JOSE DO GOIABAL","15"
"SAO JOSE DO JACUIPE","29"
"SAO JOSE DO JACURI","15"
"SAO JOSE DO MANTIMENTO","8"
"SAO JOSE DO PEIXE","18"
"SAO JOSE DO PIAUI","18"
"SAO JOSE DO POVO","6"
"SAO JOSE DO RIO CLARO","16"
"SAO JOSE DO RIO PARDO","48"
"SAO JOSE DO RIO PRETO","316"
"SAO JOSE DO SABUGI","7"
"SAO JOSE DO SERIDO","7"
"SAO JOSE DO VALE DO RIO PRETO","17"
"SAO JOSE DO XINGU","6"
"SAO JOSE DOS BASILIOS","24"
"SAO JOSE DOS CAMPOS","443"
"SAO JOSE DOS CORDEIROS","26"
"SAO JOSE DOS QUATRO MARCOS","19"
"SAO JOSE DOS RAMOS","8"
"SAO JULIAO","30"
"SAO LOURENCO","43"
"SAO LOURENCO DA MATA","100"
"SAO LOURENCO DA SERRA","25"
"SAO LOURENCO DO PIAUI","26"
"SAO LUIS","739"
"SAO LUIS DE MONTES BELOS","32"
"SAO LUIS DO CURU","39"
"SAO LUIS DO PARAITINGA","9"
"SAO LUIS DO PIAUI","22"
"SAO LUIS DO QUITUNDE","48"
"SAO LUIS GONZAGA DO MARANHAO","106"
"SAO LUIZ","17"
"SAO LUIZ DO NORTE","6"
"SAO MAMEDE","26"
"SAO MANUEL","30"
"SAO MATEUS","183"
"SAO MATEUS DO MARANHAO","61"
"SAO MIGUEL","67"
"SAO MIGUEL ARCANJO","27"
"SAO MIGUEL DA BAIXA GRANDE","24"
"SAO MIGUEL DAS MATAS","22"
"SAO MIGUEL DE TAIPU","14"
"SAO MIGUEL DO ALEIXO","15"
"SAO MIGUEL DO ANTA","8"
"SAO MIGUEL DO ARAGUAIA","22"
"SAO MIGUEL DO FIDALGO","23"
"SAO MIGUEL DO GOSTOSO","35"
"SAO MIGUEL DO GUAMA","150"
"SAO MIGUEL DO GUAPORE","19"
"SAO MIGUEL DO PASSA QUATRO","5"
"SAO MIGUEL DO TAPUIO","63"
"SAO MIGUEL DO TOCANTINS","14"
"SAO MIGUEL DOS CAMPOS","39"
"SAO MIGUEL DOS MILAGRES","20"
"SAO PATRICIO","3"
"SAO PAULO","6823"
"SAO PAULO DE OLIVENCA","92"
"SAO PAULO DO POTENGI","30"
"SAO PEDRO","46"
"SAO PEDRO DA AGUA BRANCA","16"
"SAO PEDRO DA ALDEIA","78"
"SAO PEDRO DA CIPA","3"
"SAO PEDRO DA UNIAO","6"
"SAO PEDRO DO PIAUI","33"
"SAO PEDRO DO SUACUI","9"
"SAO PEDRO DO TURVO","7"
"SAO PEDRO DOS CRENTES","11"
"SAO PEDRO DOS FERROS","13"
"SAO RAFAEL","25"
"SAO RAIMUNDO DAS MANGABEIRAS","52"
"SAO RAIMUNDO DO DOCA BEZERRA","23"
"SAO RAIMUNDO NONATO","84"
"SAO ROBERTO","32"
"SAO ROMAO","25"
"SAO ROQUE","79"
"SAO ROQUE DE MINAS","9"
"SAO ROQUE DO CANAA","13"
"SAO SALVADOR DO TOCANTINS","11"
"SAO SEBASTIAO","134"
"SAO SEBASTIAO DA BELA VISTA","5"
"SAO SEBASTIAO DA BOA VISTA","57"
"SAO SEBASTIAO DA GRAMA","14"
"SAO SEBASTIAO DA VARGEM ALEGRE","9"
"SAO SEBASTIAO DE LAGOA DE ROCA","33"
"SAO SEBASTIAO DO ALTO","35"
"SAO SEBASTIAO DO ANTA","6"
"SAO SEBASTIAO DO MARANHAO","27"
"SAO SEBASTIAO DO OESTE","6"
"SAO SEBASTIAO DO PARAISO","60"
"SAO SEBASTIAO DO PASSE","56"
"SAO SEBASTIAO DO RIO PRETO","6"
"SAO SEBASTIAO DO RIO VERDE","5"
"SAO SEBASTIAO DO TOCANTINS","11"
"SAO SEBASTIAO DO UATUMA","28"
"SAO SEBASTIAO DO UMBUZEIRO","10"
"SAO SIMAO","30"
"SAO THOME DAS LETRAS","15"
"SAO TIAGO","24"
"SAO TOMAS DE AQUINO","6"
"SAO TOME","32"
"SAO VALERIO","13"
"SAO VICENTE","293"
"SAO VICENTE DE MINAS","7"
"SAO VICENTE FERRER","100"
"SAPE","73"
"SAPEACU","52"
"SAPEZAL","17"
"SAPUCAI-MIRIM","9"
"SAPUCAIA","48"
"SAQUAREMA","87"
"SARAPUI","18"
"SARDOA","16"
"SARUTAIA","3"
"SARZEDO","21"
"SATIRO DIAS","47"
"SATUBA","20"
"SATUBINHA","23"
"SAUBARA","24"
"SAUDE","51"
"SEABRA","107"
"SEBASTIANOPOLIS DO SUL","4"
"SEBASTIAO BARROS","36"
"SEBASTIAO LARANJEIRAS","42"
"SEBASTIAO LEAL","22"
"SELVIRIA","5"
"SEM-PEIXE","5"
"SENA MADUREIRA","205"
"SENADOR ALEXANDRE COSTA","29"
"SENADOR AMARAL","7"
"SENADOR CANEDO","63"
"SENADOR CORTES","8"
"SENADOR ELOI DE SOUZA","19"
"SENADOR FIRMINO","17"
"SENADOR GEORGINO AVELINO","6"
"SENADOR GUIOMARD","48"
"SENADOR JOSE BENTO","3"
"SENADOR JOSE PORFIRIO","46"
"SENADOR LA ROCQUE","60"
"SENADOR MODESTINO GONCALVES","27"
"SENADOR POMPEU","43"
"SENADOR RUI PALMEIRA","30"
"SENADOR SA","18"
"SENHOR DO BONFIM","135"
"SENHORA DE OLIVEIRA","9"
"SENHORA DO PORTO","8"
"SENHORA DOS REMEDIOS","20"
"SENTO SE","90"
"SERICITA","15"
"SERIDO","50"
"SERINGUEIRAS","14"
"SERITINGA","4"
"SEROPEDICA","70"
"SERRA","261"
"SERRA AZUL","11"
"SERRA AZUL DE MINAS","14"
"SERRA BRANCA","45"
"SERRA DA RAIZ","14"
"SERRA DA SAUDADE","2"
"SERRA DE SAO BENTO","21"
"SERRA DO MEL","47"
"SERRA DO NAVIO","8"
"SERRA DO RAMALHO","62"
"SERRA DO SALITRE","15"
"SERRA DOS AIMORES","14"
"SERRA DOURADA","55"
"SERRA GRANDE","12"
"SERRA NEGRA","27"
"SERRA NEGRA DO NORTE","32"
"SERRA NOVA DOURADA","2"
"SERRA PRETA","47"
"SERRA REDONDA","26"
"SERRA TALHADA","135"
"SERRANA","25"
"SERRANIA","8"
"SERRANO DO MARANHAO","47"
"SERRANOPOLIS","11"
"SERRANOPOLIS DE MINAS","16"
"SERRANOS","5"
"SERRARIA","26"
"SERRINHA","173"
"SERRINHA DOS PINTOS","17"
"SERRITA","65"
"SERRO","63"
"SERROLANDIA","19"
"SERTANIA","64"
"SERTAOZINHO","91"
"SETE BARRAS","27"
"SETE LAGOAS","148"
"SETE QUEDAS","10"
"SETUBINHA","19"
"SEVERIANO MELO","30"
"SEVERINIA","16"
"SIDROLANDIA","31"
"SIGEFREDO PACHECO","25"
"SILVA JARDIM","70"
"SILVANIA","18"
"SILVANOPOLIS","13"
"SILVEIRANIA","8"
"SILVEIRAS","6"
"SILVES","34"
"SILVIANOPOLIS","20"
"SIMAO DIAS","84"
"SIMAO PEREIRA","15"
"SIMOES","41"
"SIMOES FILHO","121"
"SIMOLANDIA","17"
"SIMONESIA","58"
"SIMPLICIO MENDES","25"
"SINOP","69"
"SIRINHAEM","54"
"SIRIRI","12"
"SITIO D ABADIA","9"
"SITIO DO MATO","28"
"SITIO DO QUINTO","36"
"SITIO NOVO","126"
"SITIO NOVO DO TOCANTINS","24"
"SOBRADINHO","24"
"SOBRADO","17"
"SOBRAL","246"
"SOBRALIA","16"
"SOCORRO","47"
"SOCORRO DO PIAUI","18"
"SOLANEA","58"
"SOLEDADE","49"
"SOLEDADE DE MINAS","10"
"SOLIDAO","9"
"SOLONOPOLE","17"
"SONORA","11"
"SOORETAMA","28"
"SOROCABA","381"
"SORRISO","47"
"SOSSEGO","11"
"SOURE","27"
"SOUSA","91"
"SOUTO SOARES","33"
"SUCUPIRA","3"
"SUCUPIRA DO NORTE","44"
"SUCUPIRA DO RIACHAO","20"
"SUD MENNUCCI","8"
"SUMARE","127"
"SUME","47"
"SUMIDOURO","37"
"SURUBIM","71"
"SUSSUAPARA","14"
"SUZANAPOLIS","5"
"SUZANO","181"
"TABAPORA","12"
"TABAPUA","7"
"TABATINGA","94"
"TABIRA","36"
"TABOAO DA SERRA","137"
"TABOCAS DO BREJO VELHO","57"
"TABOLEIRO GRANDE","6"
"TABULEIRO","11"
"TABULEIRO DO NORTE","42"
"TACAIMBO","41"
"TACARATU","53"
"TACIBA","5"
"TACIMA","24"
"TACURU","4"
"TAGUAI","9"
"TAGUATINGA","47"
"TAIACU","5"
"TAILANDIA","102"
"TAIOBEIRAS","56"
"TAIPAS DO TOCANTINS","4"
"TAIPU","35"
"TAIUVA","5"
"TALISMA","8"
"TAMANDARE","36"
"TAMBAU","24"
"TAMBORIL","78"
"TAMBORIL DO PIAUI","15"
"TANABI","17"
"TANGARA","32"
"TANGARA DA SERRA","71"
"TANGUA","34"
"TANHACU","104"
"TANQUE D ARCA","12"
"TANQUE DO PIAUI","12"
"TANQUE NOVO","77"
"TANQUINHO","23"
"TAPARUBA","10"
"TAPAUA","134"
"TAPEROA","120"
"TAPIRA","19"
"TAPIRAI","15"
"TAPIRAMUTA","29"
"TAPIRATIBA","19"
"TAPURAH","10"
"TAQUARACU DE MINAS","12"
"TAQUARAL","3"
"TAQUARAL DE GOIAS","2"
"TAQUARANA","37"
"TAQUARITINGA","50"
"TAQUARITINGA DO NORTE","44"
"TAQUARITUBA","21"
"TAQUARIVAI","6"
"TAQUARUSSU","5"
"TARABAI","3"
"TARAUACA","158"
"TARRAFAS","23"
"TARTARUGALZINHO","48"
"TARUMA","9"
"TARUMIRIM","33"
"TASSO FRAGOSO","20"
"TATUI","126"
"TAUA","107"
"TAUBATE","232"
"TAVARES","35"
"TEFE","112"
"TEIXEIRA","41"
"TEIXEIRA DE FREITAS","102"
"TEIXEIRAS","15"
"TEIXEIROPOLIS","7"
"TEJUCUOCA","63"
"TEJUPA","11"
"TELHA","6"
"TENENTE ANANIAS","30"
"TENENTE LAURENTINO CRUZ","16"
"TENORIO","11"
"TEODORO SAMPAIO","53"
"TEOFILANDIA","44"
"TEOFILO OTONI","199"
"TEOLANDIA","51"
"TEOTONIO VILELA","46"
"TERENOS","12"
"TERESINA","672"
"TERESINA DE GOIAS","7"
"TERESOPOLIS","160"
"TEREZINHA","32"
"TEREZOPOLIS DE GOIAS","10"
"TERRA ALTA","21"
"TERRA NOVA","48"
"TERRA NOVA DO NORTE","17"
"TERRA ROXA","8"
"TERRA SANTA","28"
"TESOURO","7"
"THEOBROMA","16"
"TIANGUA","81"
"TIBAU","10"
"TIBAU DO SUL","18"
"TIETE","43"
"TIMBAUBA","67"
"TIMBAUBA DOS BATISTAS","6"
"TIMBIRAS","104"
"TIMBURI","4"
"TIMON","237"
"TIMOTEO","85"
"TIRADENTES","10"
"TIROS","18"
"TOBIAS BARRETO","79"
"TOCANTINIA","64"
"TOCANTINOPOLIS","49"
"TOCANTINS","27"
"TOCOS DO MOJI","8"
"TOLEDO","17"
"TOMAR DO GERU","45"
"TOMBOS","12"
"TOME-ACU","151"
"TONANTINS","68"
"TORITAMA","27"
"TORIXOREU","7"
"TORRE DE PEDRA","3"
"TORRINHA","7"
"TOUROS","65"
"TRABIJU","3"
"TRACUATEUA","68"
"TRACUNHAEM","19"
"TRAIPU","72"
"TRAIRAO","43"
"TRAIRI","124"
"TRAJANO DE MORAES","44"
"TREMEDAL","78"
"TREMEMBE","32"
"TRES CORACOES","72"
"TRES FRONTEIRAS","4"
"TRES LAGOAS","57"
"TRES MARIAS","42"
"TRES PONTAS","41"
"TRES RANCHOS","2"
"TRES RIOS","72"
"TRINDADE","102"
"TRIUNFO","70"
"TRIUNFO POTIGUAR","12"
"TRIZIDELA DO VALE","36"
"TROMBAS","5"
"TUCANO","94"
"TUCUMA","40"
"TUCURUI","70"
"TUFILANDIA","17"
"TUIUTI","6"
"TUMIRITINGA","21"
"TUNTUM","75"
"TUPA","51"
"TUPACIGUARA","46"
"TUPANATINGA","63"
"TUPARETAMA","16"
"TUPI PAULISTA","12"
"TUPIRAMA","15"
"TUPIRATINS","5"
"TURIACU","170"
"TURILANDIA","79"
"TURIUBA","4"
"TURMALINA","64"
"TURURU","23"
"TURVANIA","5"
"TURVELANDIA","5"
"TURVOLANDIA","14"
"TUTOIA","101"
"UARINI","73"
"UAUA","74"
"UBA","95"
"UBAI","48"
"UBAIRA","71"
"UBAITABA","37"
"UBAJARA","60"
"UBAPORANGA","17"
"UBARANA","6"
"UBATA","49"
"UBATUBA","80"
"UBERABA","273"
"UBERLANDIA","428"
"UBIRAJARA","4"
"UCHOA","8"
"UIBAI","42"
"UIRAMUTA","97"
"UIRAPURU","7"
"UIRAUNA","35"
"ULIANOPOLIS","42"
"UMARI","26"
"UMARIZAL","36"
"UMBAUBA","35"
"UMBURANAS","44"
"UMBURATIBA","9"
"UMBUZEIRO","40"
"UMIRIM","54"
"UNA","90"
"UNAI","58"
"UNIAO","114"
"UNIAO DE MINAS","10"
"UNIAO DO SUL","6"
"UNIAO DOS PALMARES","32"
"UNIAO PAULISTA","3"
"UPANEMA","24"
"URANDI","24"
"URANIA","6"
"URBANO SANTOS","59"
"URU","2"
"URUACU","51"
"URUANA","17"
"URUANA DE MINAS","7"
"URUARA","111"
"URUBURETAMA","43"
"URUCANIA","9"
"URUCARA","37"
"URUCUCA","65"
"URUCUI","73"
"URUCUIA","21"
"URUCURITUBA","56"
"URUOCA","40"
"URUPA","13"
"URUPES","14"
"URUTAI","6"
"UTINGA","26"
"VALE DE SAO DOMINGOS","5"
"VALE DO ANARI","12"
"VALE DO PARAISO","11"
"VALENCA","291"
"VALENCA DO PIAUI","55"
"VALENTE","62"
"VALENTIM GENTIL","3"
"VALINHOS","95"
"VALPARAISO","22"
"VALPARAISO DE GOIAS","74"
"VARGEM","14"
"VARGEM ALEGRE","9"
"VARGEM ALTA","44"
"VARGEM BONITA","5"
"VARGEM GRANDE","173"
"VARGEM GRANDE DO RIO PARDO","6"
"VARGEM GRANDE DO SUL","31"
"VARGEM GRANDE PAULISTA","47"
"VARGINHA","135"
"VARJAO","5"
"VARJAO DE MINAS","11"
"VARJOTA","35"
"VARRE-SAI","35"
"VARZEA","19"
"VARZEA ALEGRE","115"
"VARZEA BRANCA","18"
"VARZEA DA PALMA","55"
"VARZEA DA ROCA","23"
"VARZEA DO POCO","13"
"VARZEA GRANDE","195"
"VARZEA NOVA","46"
"VARZEA PAULISTA","50"
"VARZEDO","27"
"VARZELANDIA","59"
"VASSOURAS","64"
"VAZANTE","45"
"VENDA NOVA DO IMIGRANTE","21"
"VENHA-VER","22"
"VENTUROSA","38"
"VERA","10"
"VERA CRUZ","97"
"VERA MENDES","41"
"VERDEJANTE","16"
"VERDELANDIA","20"
"VEREDA","20"
"VEREDINHA","34"
"VERISSIMO","18"
"VERMELHO NOVO","6"
"VERTENTE DO LERIO","24"
"VERTENTES","25"
"VESPASIANO","61"
"VIANA","191"
"VIANOPOLIS","13"
"VICENCIA","35"
"VICENTINA","5"
"VICENTINOPOLIS","8"
"VICOSA","118"
"VICOSA DO CEARA","137"
"VIEIRAS","14"
"VIEIROPOLIS","16"
"VIGIA","118"
"VILA BELA DA SANTISSIMA TRINDADE","30"
"VILA BOA","8"
"VILA FLOR","7"
"VILA NOVA DO PIAUI","22"
"VILA NOVA DOS MARTIRIOS","20"
"VILA PAVAO","38"
"VILA PROPICIO","8"
"VILA RICA","18"
"VILA VALERIO","27"
"VILA VELHA","252"
"VILHENA","62"
"VINHEDO","53"
"VIRADOURO","19"
"VIRGEM DA LAPA","46"
"VIRGINIA","21"
"VIRGINOPOLIS","20"
"VIRGOLANDIA","15"
"VISCONDE DO RIO BRANCO","54"
"VISEU","148"
"VISTA ALEGRE DO ALTO","4"
"VISTA SERRANA","10"
"VITORIA","229"
"VITORIA BRASIL","2"
"VITORIA DA CONQUISTA","314"
"VITORIA DE SANTO ANTAO","168"
"VITORIA DO JARI","34"
"VITORIA DO MEARIM","66"
"VITORIA DO XINGU","50"
"VITORINO FREIRE","105"
"VOLTA GRANDE","9"
"VOLTA REDONDA","200"
"VOTORANTIM","73"
"VOTUPORANGA","64"
"WAGNER","27"
"WALL FERRAZ","15"
"WANDERLANDIA","28"
"WANDERLEY","54"
"WENCESLAU BRAZ","7"
"WENCESLAU GUIMARAES","95"
"XAMBIOA","22"
"XAPURI","81"
"XEXEU","24"
"XINGUARA","46"
"XIQUE-XIQUE","168"
"ZABELE","2"
"ZACARIAS","3"
"ZE DOCA","116"
